Suite AB | scenarios=13 algos=['dqn', 'ddqn', 'dueling', 'd3qn', 'ppo'] warms=[False, True] episodes=40

######## A/none mode=none profile=pdf fixed=(None,None) H=30+365 n_rep=10 ########
--- baselines ---
  baseline fixed_0_(s,S): 2580809.4 ± 3836.8
  baseline best_fixed_1: 2581018.7 ± 3905.5
  baseline rule_based: 2581018.7 ± 3905.5

=== TRAIN none | dqn/no_ws ===
[train] state_encoder=raw dim=94 action_space=coarse n_actions=18 algo=dqn forbid_expedite=True
[train ep 005/40] algo=dqn steps=365 return=255.465 raw_profit=2554646.3 loss=0.07221 eps=0.849 buf=1825 updates=1026
[eval  ep 005] greedy_profit=2550761.9 ± 20088.3 (n=2, days=365)
[train ep 010/40] algo=dqn steps=365 return=255.585 raw_profit=2555845.5 loss=0.11656 eps=0.699 buf=3650 updates=2851
[eval  ep 010] greedy_profit=2539317.0 ± 20210.4 (n=2, days=365)
[train ep 015/40] algo=dqn steps=365 return=255.742 raw_profit=2557415.6 loss=0.17823 eps=0.548 buf=5475 updates=4676
[eval  ep 015] greedy_profit=2555363.1 ± 20600.8 (n=2, days=365)
[train ep 020/40] algo=dqn steps=365 return=255.558 raw_profit=2555581.1 loss=0.30148 eps=0.398 buf=7300 updates=6501
[eval  ep 020] greedy_profit=2535565.7 ± 20033.6 (n=2, days=365)
[train ep 025/40] algo=dqn steps=365 return=256.000 raw_profit=2559998.5 loss=0.54697 eps=0.247 buf=9125 updates=8326
[eval  ep 025] greedy_profit=2549927.2 ± 19845.0 (n=2, days=365)
[train ep 030/40] algo=dqn steps=365 return=255.575 raw_profit=2555746.3 loss=0.50989 eps=0.097 buf=10950 updates=10151
[eval  ep 030] greedy_profit=2558165.6 ± 18629.0 (n=2, days=365)
[train ep 035/40] algo=dqn steps=365 return=255.723 raw_profit=2557228.0 loss=0.62019 eps=0.010 buf=12775 updates=11976
[eval  ep 035] greedy_profit=2552937.7 ± 16956.5 (n=2, days=365)
[train ep 040/40] algo=dqn steps=365 return=255.749 raw_profit=2557489.5 loss=0.91507 eps=0.010 buf=14600 updates=13801
[eval  ep 040] greedy_profit=2543631.4 ± 16586.7 (n=2, days=365)
saved best checkpoint → /Users/oliverhuang/Desktop/2026_furp_零售/logs/checkpoints/suite_ab/A_none_dqn_no_ws_best.pt (profit=2558165.6)
[dqn/no_ws] best_eval=2558165.5749999993 (12s)
  EVAL dqn/no_ws: 2567091.7 ± 3687.4 (Δrule=-13927, Δbest=-13927)

=== TRAIN none | dqn/ws ===
[train] state_encoder=raw dim=94 action_space=coarse n_actions=18 algo=dqn forbid_expedite=True
[warmstart] collecting 15 rule episodes (forbid_expedite=True) ...
[warmstart rule ep 001/15] raw_profit=2571998.7 buf=365
[warmstart rule ep 002/15] raw_profit=2578354.9 buf=730
[warmstart rule ep 003/15] raw_profit=2560171.8 buf=1095
[warmstart rule ep 004/15] raw_profit=2558082.8 buf=1460
[warmstart rule ep 005/15] raw_profit=2567829.5 buf=1825
[warmstart rule ep 006/15] raw_profit=2575541.4 buf=2190
[warmstart rule ep 007/15] raw_profit=2557110.9 buf=2555
[warmstart rule ep 008/15] raw_profit=2569439.9 buf=2920
[warmstart rule ep 009/15] raw_profit=2562401.3 buf=3285
[warmstart rule ep 010/15] raw_profit=2589703.9 buf=3650
[warmstart rule ep 011/15] raw_profit=2569960.7 buf=4015
[warmstart rule ep 012/15] raw_profit=2572412.8 buf=4380
[warmstart rule ep 013/15] raw_profit=2571762.1 buf=4745
[warmstart rule ep 014/15] raw_profit=2562981.8 buf=5110
[warmstart rule ep 015/15] raw_profit=2578449.2 buf=5475
[warmstart] behavioral cloning 1500 updates ...
[warmstart BC 0001/1500] loss=4.2276
[warmstart BC 0300/1500] loss=0.0000
[warmstart BC 0600/1500] loss=0.0000
[warmstart BC 0900/1500] loss=0.0000
[warmstart BC 1200/1500] loss=0.0000
[warmstart BC 1500/1500] loss=0.0000
[warmstart] pre-RL greedy eval profit=2572697.7 ± 20010.2
[train ep 005/40] algo=dqn steps=365 return=254.530 raw_profit=2545295.2 loss=1.79211 eps=0.165 buf=7300 updates=2325
[eval  ep 005] greedy_profit=2535623.5 ± 18596.8 (n=2, days=365)
[train ep 010/40] algo=dqn steps=365 return=255.112 raw_profit=2551124.5 loss=1.57820 eps=0.131 buf=9125 updates=4150
[eval  ep 010] greedy_profit=2545063.6 ± 22881.2 (n=2, days=365)
[train ep 015/40] algo=dqn steps=365 return=255.360 raw_profit=2553601.7 loss=2.03984 eps=0.096 buf=10950 updates=5975
[eval  ep 015] greedy_profit=2544888.4 ± 19039.7 (n=2, days=365)
[train ep 020/40] algo=dqn steps=365 return=255.595 raw_profit=2555950.0 loss=2.13804 eps=0.061 buf=12775 updates=7800
[eval  ep 020] greedy_profit=2548413.8 ± 18957.9 (n=2, days=365)
[train ep 025/40] algo=dqn steps=365 return=255.933 raw_profit=2559330.2 loss=2.28545 eps=0.027 buf=14600 updates=9625
[eval  ep 025] greedy_profit=2543658.2 ± 19364.7 (n=2, days=365)
[train ep 030/40] algo=dqn steps=365 return=254.696 raw_profit=2546956.1 loss=2.92191 eps=0.010 buf=16425 updates=11450
[eval  ep 030] greedy_profit=2539510.8 ± 17577.5 (n=2, days=365)
[train ep 035/40] algo=dqn steps=365 return=255.310 raw_profit=2553104.4 loss=3.15450 eps=0.010 buf=18250 updates=13275
[eval  ep 035] greedy_profit=2544852.7 ± 18519.5 (n=2, days=365)
[train ep 040/40] algo=dqn steps=365 return=255.743 raw_profit=2557429.1 loss=3.10579 eps=0.010 buf=20075 updates=15100
[eval  ep 040] greedy_profit=2543138.3 ± 17584.6 (n=2, days=365)
saved best checkpoint → /Users/oliverhuang/Desktop/2026_furp_零售/logs/checkpoints/suite_ab/A_none_dqn_ws_best.pt (profit=2572697.7)
[dqn/ws] best_eval=2572697.7249999996 (15s)
  EVAL dqn/ws: 2581018.7 ± 3905.5 (Δrule=+0, Δbest=+0)

=== TRAIN none | ddqn/no_ws ===
[train] state_encoder=raw dim=94 action_space=coarse n_actions=18 algo=ddqn forbid_expedite=True
[train ep 005/40] algo=ddqn steps=365 return=255.558 raw_profit=2555581.5 loss=0.20523 eps=0.849 buf=1825 updates=1026
[eval  ep 005] greedy_profit=2536110.8 ± 19665.0 (n=2, days=365)
[train ep 010/40] algo=ddqn steps=365 return=255.495 raw_profit=2554952.9 loss=0.10772 eps=0.699 buf=3650 updates=2851
[eval  ep 010] greedy_profit=2538020.2 ± 19281.7 (n=2, days=365)
[train ep 015/40] algo=ddqn steps=365 return=255.367 raw_profit=2553671.7 loss=0.14602 eps=0.548 buf=5475 updates=4676
[eval  ep 015] greedy_profit=2544504.2 ± 15279.4 (n=2, days=365)
[train ep 020/40] algo=ddqn steps=365 return=255.644 raw_profit=2556435.2 loss=0.23758 eps=0.398 buf=7300 updates=6501
[eval  ep 020] greedy_profit=2545327.3 ± 19919.4 (n=2, days=365)
[train ep 025/40] algo=ddqn steps=365 return=256.324 raw_profit=2563240.0 loss=0.43210 eps=0.247 buf=9125 updates=8326
[eval  ep 025] greedy_profit=2544651.9 ± 19892.2 (n=2, days=365)
[train ep 030/40] algo=ddqn steps=365 return=255.249 raw_profit=2552487.8 loss=0.40537 eps=0.097 buf=10950 updates=10151
[eval  ep 030] greedy_profit=2556028.8 ± 19493.6 (n=2, days=365)
[train ep 035/40] algo=ddqn steps=365 return=255.865 raw_profit=2558649.4 loss=0.51285 eps=0.010 buf=12775 updates=11976
[eval  ep 035] greedy_profit=2558050.9 ± 19220.4 (n=2, days=365)
[train ep 040/40] algo=ddqn steps=365 return=255.900 raw_profit=2558997.0 loss=0.71612 eps=0.010 buf=14600 updates=13801
[eval  ep 040] greedy_profit=2547514.8 ± 22041.9 (n=2, days=365)
saved best checkpoint → /Users/oliverhuang/Desktop/2026_furp_零售/logs/checkpoints/suite_ab/A_none_ddqn_no_ws_best.pt (profit=2558050.9)
[ddqn/no_ws] best_eval=2558050.937499998 (12s)
  EVAL ddqn/no_ws: 2567262.3 ± 4454.9 (Δrule=-13756, Δbest=-13756)

=== TRAIN none | ddqn/ws ===
[train] state_encoder=raw dim=94 action_space=coarse n_actions=18 algo=ddqn forbid_expedite=True
[warmstart] collecting 15 rule episodes (forbid_expedite=True) ...
[warmstart rule ep 001/15] raw_profit=2571998.7 buf=365
[warmstart rule ep 002/15] raw_profit=2578354.9 buf=730
[warmstart rule ep 003/15] raw_profit=2560171.8 buf=1095
[warmstart rule ep 004/15] raw_profit=2558082.8 buf=1460
[warmstart rule ep 005/15] raw_profit=2567829.5 buf=1825
[warmstart rule ep 006/15] raw_profit=2575541.4 buf=2190
[warmstart rule ep 007/15] raw_profit=2557110.9 buf=2555
[warmstart rule ep 008/15] raw_profit=2569439.9 buf=2920
[warmstart rule ep 009/15] raw_profit=2562401.3 buf=3285
[warmstart rule ep 010/15] raw_profit=2589703.9 buf=3650
[warmstart rule ep 011/15] raw_profit=2569960.7 buf=4015
[warmstart rule ep 012/15] raw_profit=2572412.8 buf=4380
[warmstart rule ep 013/15] raw_profit=2571762.1 buf=4745
[warmstart rule ep 014/15] raw_profit=2562981.8 buf=5110
[warmstart rule ep 015/15] raw_profit=2578449.2 buf=5475
[warmstart] behavioral cloning 1500 updates ...
[warmstart BC 0001/1500] loss=4.2276
[warmstart BC 0300/1500] loss=0.0000
[warmstart BC 0600/1500] loss=0.0000
[warmstart BC 0900/1500] loss=0.0000
[warmstart BC 1200/1500] loss=0.0000
[warmstart BC 1500/1500] loss=0.0000
[warmstart] pre-RL greedy eval profit=2572697.7 ± 20010.2
[train ep 005/40] algo=ddqn steps=365 return=255.182 raw_profit=2551824.0 loss=1.08466 eps=0.165 buf=7300 updates=2325
[eval  ep 005] greedy_profit=2533677.3 ± 19518.1 (n=2, days=365)
[train ep 010/40] algo=ddqn steps=365 return=255.202 raw_profit=2552020.0 loss=1.00116 eps=0.131 buf=9125 updates=4150
[eval  ep 010] greedy_profit=2559547.8 ± 20183.7 (n=2, days=365)
[train ep 015/40] algo=ddqn steps=365 return=255.550 raw_profit=2555497.0 loss=1.29019 eps=0.096 buf=10950 updates=5975
[eval  ep 015] greedy_profit=2555797.3 ± 18004.5 (n=2, days=365)
[train ep 020/40] algo=ddqn steps=365 return=255.341 raw_profit=2553408.4 loss=1.33319 eps=0.061 buf=12775 updates=7800
[eval  ep 020] greedy_profit=2542558.7 ± 18783.0 (n=2, days=365)
[train ep 025/40] algo=ddqn steps=365 return=255.608 raw_profit=2556082.2 loss=1.42998 eps=0.027 buf=14600 updates=9625
[eval  ep 025] greedy_profit=2536435.7 ± 20545.2 (n=2, days=365)
[train ep 030/40] algo=ddqn steps=365 return=255.162 raw_profit=2551615.5 loss=1.87773 eps=0.010 buf=16425 updates=11450
[eval  ep 030] greedy_profit=2548787.5 ± 22310.8 (n=2, days=365)
[train ep 035/40] algo=ddqn steps=365 return=255.739 raw_profit=2557392.3 loss=2.07504 eps=0.010 buf=18250 updates=13275
[eval  ep 035] greedy_profit=2560070.9 ± 16964.7 (n=2, days=365)
[train ep 040/40] algo=ddqn steps=365 return=255.991 raw_profit=2559914.0 loss=2.09838 eps=0.010 buf=20075 updates=15100
[eval  ep 040] greedy_profit=2545820.2 ± 16662.9 (n=2, days=365)
saved best checkpoint → /Users/oliverhuang/Desktop/2026_furp_零售/logs/checkpoints/suite_ab/A_none_ddqn_ws_best.pt (profit=2572697.7)
[ddqn/ws] best_eval=2572697.7249999996 (15s)
  EVAL ddqn/ws: 2581018.7 ± 3905.5 (Δrule=+0, Δbest=+0)

=== TRAIN none | dueling/no_ws ===
[train] state_encoder=raw dim=94 action_space=coarse n_actions=18 algo=dueling forbid_expedite=True
[train ep 005/40] algo=dueling steps=365 return=255.643 raw_profit=2556434.3 loss=0.04661 eps=0.849 buf=1825 updates=1026
[eval  ep 005] greedy_profit=2540411.0 ± 22293.1 (n=2, days=365)
[train ep 010/40] algo=dueling steps=365 return=255.525 raw_profit=2555246.0 loss=0.06258 eps=0.699 buf=3650 updates=2851
[eval  ep 010] greedy_profit=2541225.1 ± 19343.2 (n=2, days=365)
[train ep 015/40] algo=dueling steps=365 return=256.082 raw_profit=2560823.0 loss=0.11635 eps=0.548 buf=5475 updates=4676
[eval  ep 015] greedy_profit=2548391.0 ± 16874.5 (n=2, days=365)
[train ep 020/40] algo=dueling steps=365 return=255.569 raw_profit=2555687.1 loss=0.18924 eps=0.398 buf=7300 updates=6501
[eval  ep 020] greedy_profit=2551922.1 ± 19953.3 (n=2, days=365)
[train ep 025/40] algo=dueling steps=365 return=255.770 raw_profit=2557702.5 loss=0.32710 eps=0.247 buf=9125 updates=8326
[eval  ep 025] greedy_profit=2555003.3 ± 17740.4 (n=2, days=365)
[train ep 030/40] algo=dueling steps=365 return=255.268 raw_profit=2552676.6 loss=0.32618 eps=0.097 buf=10950 updates=10151
[eval  ep 030] greedy_profit=2537912.6 ± 22626.2 (n=2, days=365)
[train ep 035/40] algo=dueling steps=365 return=255.724 raw_profit=2557237.0 loss=0.41707 eps=0.010 buf=12775 updates=11976
[eval  ep 035] greedy_profit=2547427.5 ± 16146.7 (n=2, days=365)
[train ep 040/40] algo=dueling steps=365 return=255.775 raw_profit=2557753.0 loss=0.57208 eps=0.010 buf=14600 updates=13801
[eval  ep 040] greedy_profit=2549765.8 ± 18535.1 (n=2, days=365)
saved best checkpoint → /Users/oliverhuang/Desktop/2026_furp_零售/logs/checkpoints/suite_ab/A_none_dueling_no_ws_best.pt (profit=2555003.3)
[dueling/no_ws] best_eval=2555003.2874999996 (14s)
  EVAL dueling/no_ws: 2562045.7 ± 3350.3 (Δrule=-18973, Δbest=-18973)

=== TRAIN none | dueling/ws ===
[train] state_encoder=raw dim=94 action_space=coarse n_actions=18 algo=dueling forbid_expedite=True
[warmstart] collecting 15 rule episodes (forbid_expedite=True) ...
[warmstart rule ep 001/15] raw_profit=2571998.7 buf=365
[warmstart rule ep 002/15] raw_profit=2578354.9 buf=730
[warmstart rule ep 003/15] raw_profit=2560171.8 buf=1095
[warmstart rule ep 004/15] raw_profit=2558082.8 buf=1460
[warmstart rule ep 005/15] raw_profit=2567829.5 buf=1825
[warmstart rule ep 006/15] raw_profit=2575541.4 buf=2190
[warmstart rule ep 007/15] raw_profit=2557110.9 buf=2555
[warmstart rule ep 008/15] raw_profit=2569439.9 buf=2920
[warmstart rule ep 009/15] raw_profit=2562401.3 buf=3285
[warmstart rule ep 010/15] raw_profit=2589703.9 buf=3650
[warmstart rule ep 011/15] raw_profit=2569960.7 buf=4015
[warmstart rule ep 012/15] raw_profit=2572412.8 buf=4380
[warmstart rule ep 013/15] raw_profit=2571762.1 buf=4745
[warmstart rule ep 014/15] raw_profit=2562981.8 buf=5110
[warmstart rule ep 015/15] raw_profit=2578449.2 buf=5475
[warmstart] behavioral cloning 1500 updates ...
[warmstart BC 0001/1500] loss=3.2844
[warmstart BC 0300/1500] loss=0.0000
[warmstart BC 0600/1500] loss=0.0000
[warmstart BC 0900/1500] loss=0.0000
[warmstart BC 1200/1500] loss=0.0000
[warmstart BC 1500/1500] loss=0.0000
[warmstart] pre-RL greedy eval profit=2572697.7 ± 20010.2
[train ep 005/40] algo=dueling steps=365 return=257.379 raw_profit=2573793.5 loss=2085.52062 eps=0.165 buf=7300 updates=2325
[eval  ep 005] greedy_profit=2567562.3 ± 17560.3 (n=2, days=365)
[train ep 010/40] algo=dueling steps=365 return=255.577 raw_profit=2555771.3 loss=1451.56794 eps=0.131 buf=9125 updates=4150
[eval  ep 010] greedy_profit=2554442.0 ± 19920.8 (n=2, days=365)
[train ep 015/40] algo=dueling steps=365 return=256.948 raw_profit=2569481.2 loss=1530.46704 eps=0.096 buf=10950 updates=5975
[eval  ep 015] greedy_profit=2562587.2 ± 16291.1 (n=2, days=365)
[train ep 020/40] algo=dueling steps=365 return=256.951 raw_profit=2569511.7 loss=1231.56503 eps=0.061 buf=12775 updates=7800
[eval  ep 020] greedy_profit=2564253.4 ± 18716.0 (n=2, days=365)
[train ep 025/40] algo=dueling steps=365 return=257.377 raw_profit=2573771.3 loss=1052.72432 eps=0.027 buf=14600 updates=9625
[eval  ep 025] greedy_profit=2564619.0 ± 17932.9 (n=2, days=365)
[train ep 030/40] algo=dueling steps=365 return=255.582 raw_profit=2555821.3 loss=1129.36675 eps=0.010 buf=16425 updates=11450
[eval  ep 030] greedy_profit=2563449.0 ± 19560.4 (n=2, days=365)
[train ep 035/40] algo=dueling steps=365 return=257.346 raw_profit=2573456.1 loss=1000.70637 eps=0.010 buf=18250 updates=13275
[eval  ep 035] greedy_profit=2555655.1 ± 24922.6 (n=2, days=365)
[train ep 040/40] algo=dueling steps=365 return=257.346 raw_profit=2573456.7 loss=828.92141 eps=0.010 buf=20075 updates=15100
[eval  ep 040] greedy_profit=2553840.9 ± 22891.5 (n=2, days=365)
saved best checkpoint → /Users/oliverhuang/Desktop/2026_furp_零售/logs/checkpoints/suite_ab/A_none_dueling_ws_best.pt (profit=2572697.7)
[dueling/ws] best_eval=2572697.7249999996 (18s)
  EVAL dueling/ws: 2581018.7 ± 3905.5 (Δrule=+0, Δbest=+0)

=== TRAIN none | d3qn/no_ws ===
[train] state_encoder=raw dim=94 action_space=coarse n_actions=18 algo=d3qn forbid_expedite=True
[train ep 005/40] algo=d3qn steps=365 return=255.572 raw_profit=2555720.0 loss=0.08783 eps=0.849 buf=1825 updates=1026
[eval  ep 005] greedy_profit=2546821.3 ± 22345.7 (n=2, days=365)
[train ep 010/40] algo=d3qn steps=365 return=255.470 raw_profit=2554701.4 loss=0.05038 eps=0.699 buf=3650 updates=2851
[eval  ep 010] greedy_profit=2543510.3 ± 22536.3 (n=2, days=365)
[train ep 015/40] algo=d3qn steps=365 return=255.450 raw_profit=2554500.6 loss=0.08540 eps=0.548 buf=5475 updates=4676
[eval  ep 015] greedy_profit=2551091.0 ± 18223.0 (n=2, days=365)
[train ep 020/40] algo=d3qn steps=365 return=255.625 raw_profit=2556252.9 loss=0.13915 eps=0.398 buf=7300 updates=6501
[eval  ep 020] greedy_profit=2543925.4 ± 23646.1 (n=2, days=365)
[train ep 025/40] algo=d3qn steps=365 return=256.116 raw_profit=2561157.9 loss=0.27873 eps=0.247 buf=9125 updates=8326
[eval  ep 025] greedy_profit=2545961.1 ± 17746.5 (n=2, days=365)
[train ep 030/40] algo=d3qn steps=365 return=255.465 raw_profit=2554651.9 loss=0.25561 eps=0.097 buf=10950 updates=10151
[eval  ep 030] greedy_profit=2547505.3 ± 19649.8 (n=2, days=365)
[train ep 035/40] algo=d3qn steps=365 return=255.599 raw_profit=2555992.9 loss=0.30557 eps=0.010 buf=12775 updates=11976
[eval  ep 035] greedy_profit=2548638.3 ± 16538.5 (n=2, days=365)
[train ep 040/40] algo=d3qn steps=365 return=255.721 raw_profit=2557208.3 loss=0.43293 eps=0.010 buf=14600 updates=13801
[eval  ep 040] greedy_profit=2553015.4 ± 17682.9 (n=2, days=365)
saved best checkpoint → /Users/oliverhuang/Desktop/2026_furp_零售/logs/checkpoints/suite_ab/A_none_d3qn_no_ws_best.pt (profit=2553015.4)
[d3qn/no_ws] best_eval=2553015.4000000004 (15s)
  EVAL d3qn/no_ws: 2558370.3 ± 2724.2 (Δrule=-22648, Δbest=-22648)

=== TRAIN none | d3qn/ws ===
[train] state_encoder=raw dim=94 action_space=coarse n_actions=18 algo=d3qn forbid_expedite=True
[warmstart] collecting 15 rule episodes (forbid_expedite=True) ...
[warmstart rule ep 001/15] raw_profit=2571998.7 buf=365
[warmstart rule ep 002/15] raw_profit=2578354.9 buf=730
[warmstart rule ep 003/15] raw_profit=2560171.8 buf=1095
[warmstart rule ep 004/15] raw_profit=2558082.8 buf=1460
[warmstart rule ep 005/15] raw_profit=2567829.5 buf=1825
[warmstart rule ep 006/15] raw_profit=2575541.4 buf=2190
[warmstart rule ep 007/15] raw_profit=2557110.9 buf=2555
[warmstart rule ep 008/15] raw_profit=2569439.9 buf=2920
[warmstart rule ep 009/15] raw_profit=2562401.3 buf=3285
[warmstart rule ep 010/15] raw_profit=2589703.9 buf=3650
[warmstart rule ep 011/15] raw_profit=2569960.7 buf=4015
[warmstart rule ep 012/15] raw_profit=2572412.8 buf=4380
[warmstart rule ep 013/15] raw_profit=2571762.1 buf=4745
[warmstart rule ep 014/15] raw_profit=2562981.8 buf=5110
[warmstart rule ep 015/15] raw_profit=2578449.2 buf=5475
[warmstart] behavioral cloning 1500 updates ...
[warmstart BC 0001/1500] loss=3.2844
[warmstart BC 0300/1500] loss=0.0000
[warmstart BC 0600/1500] loss=0.0000
[warmstart BC 0900/1500] loss=0.0000
[warmstart BC 1200/1500] loss=0.0000
[warmstart BC 1500/1500] loss=0.0000
[warmstart] pre-RL greedy eval profit=2572697.7 ± 20010.2
[train ep 005/40] algo=d3qn steps=365 return=257.484 raw_profit=2574840.7 loss=2096.74146 eps=0.165 buf=7300 updates=2325
[eval  ep 005] greedy_profit=2566193.1 ± 20743.8 (n=2, days=365)
[train ep 010/40] algo=d3qn steps=365 return=256.485 raw_profit=2564852.6 loss=1491.66938 eps=0.131 buf=9125 updates=4150
[eval  ep 010] greedy_profit=2565175.5 ± 22277.1 (n=2, days=365)
[train ep 015/40] algo=d3qn steps=365 return=256.744 raw_profit=2567438.8 loss=1605.18445 eps=0.096 buf=10950 updates=5975
[eval  ep 015] greedy_profit=2558060.7 ± 18971.2 (n=2, days=365)
[train ep 020/40] algo=d3qn steps=365 return=256.490 raw_profit=2564897.5 loss=1267.88825 eps=0.061 buf=12775 updates=7800
[eval  ep 020] greedy_profit=2547735.3 ± 16228.4 (n=2, days=365)
[train ep 025/40] algo=d3qn steps=365 return=256.911 raw_profit=2569105.7 loss=1091.81961 eps=0.027 buf=14600 updates=9625
[eval  ep 025] greedy_profit=2553590.7 ± 19614.5 (n=2, days=365)
[train ep 030/40] algo=d3qn steps=365 return=255.750 raw_profit=2557501.3 loss=1142.72628 eps=0.010 buf=16425 updates=11450
[eval  ep 030] greedy_profit=2555562.3 ± 19142.2 (n=2, days=365)
[train ep 035/40] algo=d3qn steps=365 return=256.710 raw_profit=2567101.5 loss=1043.12835 eps=0.010 buf=18250 updates=13275
[eval  ep 035] greedy_profit=2549532.0 ± 19130.4 (n=2, days=365)
[train ep 040/40] algo=d3qn steps=365 return=255.918 raw_profit=2559177.1 loss=849.34494 eps=0.010 buf=20075 updates=15100
[eval  ep 040] greedy_profit=2549366.7 ± 18031.6 (n=2, days=365)
saved best checkpoint → /Users/oliverhuang/Desktop/2026_furp_零售/logs/checkpoints/suite_ab/A_none_d3qn_ws_best.pt (profit=2572697.7)
[d3qn/ws] best_eval=2572697.7249999996 (19s)
  EVAL d3qn/ws: 2581018.7 ± 3905.5 (Δrule=+0, Δbest=+0)

=== TRAIN none | ppo/no_ws ===
[train PPO] encoder=raw dim=94 n_actions=18 forbid_e1=True
[train PPO ep 001/40] raw_profit=2553051.0 loss=60.9085
[train PPO ep 005/40] raw_profit=2553725.3 loss=51.4605
[eval  PPO ep 005] greedy_profit=2572697.7 ± 20010.2
[train PPO ep 010/40] raw_profit=2556296.6 loss=31.0429
[eval  PPO ep 010] greedy_profit=2572697.7 ± 20010.2
[train PPO ep 015/40] raw_profit=2567710.0 loss=24.9764
[eval  PPO ep 015] greedy_profit=2572697.7 ± 20010.2
[train PPO ep 020/40] raw_profit=2562625.7 loss=35.9225
[eval  PPO ep 020] greedy_profit=2572697.7 ± 20010.2
[train PPO ep 025/40] raw_profit=2568875.0 loss=36.5189
[eval  PPO ep 025] greedy_profit=2572697.7 ± 20010.2
[train PPO ep 030/40] raw_profit=2551702.1 loss=37.2242
[eval  PPO ep 030] greedy_profit=2553315.4 ± 20076.8
[train PPO ep 035/40] raw_profit=2558015.7 loss=36.3937
[eval  PPO ep 035] greedy_profit=2531201.1 ± 18834.5
[train PPO ep 040/40] raw_profit=2550384.4 loss=32.2916
[eval  PPO ep 040] greedy_profit=2531201.1 ± 18834.5
saved best checkpoint → /Users/oliverhuang/Desktop/2026_furp_零售/logs/checkpoints/suite_ab/A_none_ppo_no_ws_best.pt (profit=2572697.7)
[ppo/no_ws] best_eval=2572697.7249999996 (8s)
  EVAL ppo/no_ws: 2581018.7 ± 3905.5 (Δrule=+0, Δbest=+0)

=== TRAIN none | ppo/ws ===
[train PPO] encoder=raw dim=94 n_actions=18 forbid_e1=True
[warmstart] collecting 15 rule episodes ...
[warmstart PPO-BC 0001/1500] loss=2.2057
[warmstart PPO-BC 0300/1500] loss=0.0000
[warmstart PPO-BC 0600/1500] loss=0.0000
[warmstart PPO-BC 0900/1500] loss=0.0000
[warmstart PPO-BC 1200/1500] loss=0.0000
[warmstart PPO-BC 1500/1500] loss=0.0000
[warmstart] pre-RL greedy eval=2572697.7
[train PPO ep 001/40] raw_profit=2578470.4 loss=48.1059
[train PPO ep 005/40] raw_profit=2580634.0 loss=26.8859
[eval  PPO ep 005] greedy_profit=2572697.7 ± 20010.2
[train PPO ep 010/40] raw_profit=2585442.5 loss=28.5180
[eval  PPO ep 010] greedy_profit=2572697.7 ± 20010.2
[train PPO ep 015/40] raw_profit=2581875.9 loss=38.9760
[eval  PPO ep 015] greedy_profit=2572697.7 ± 20010.2
[train PPO ep 020/40] raw_profit=2579460.8 loss=38.2947
[eval  PPO ep 020] greedy_profit=2572697.7 ± 20010.2
[train PPO ep 025/40] raw_profit=2581090.8 loss=34.0165
[eval  PPO ep 025] greedy_profit=2572697.7 ± 20010.2
[train PPO ep 030/40] raw_profit=2576866.9 loss=34.5719
[eval  PPO ep 030] greedy_profit=2572697.7 ± 20010.2
[train PPO ep 035/40] raw_profit=2583197.0 loss=33.7312
[eval  PPO ep 035] greedy_profit=2572697.7 ± 20010.2
[train PPO ep 040/40] raw_profit=2583052.5 loss=30.8135
[eval  PPO ep 040] greedy_profit=2572697.7 ± 20010.2
saved best checkpoint → /Users/oliverhuang/Desktop/2026_furp_零售/logs/checkpoints/suite_ab/A_none_ppo_ws_best.pt (profit=2572697.7)
[ppo/ws] best_eval=2572697.7249999996 (10s)
  EVAL ppo/ws: 2581018.7 ± 3905.5 (Δrule=+0, Δbest=+0)

######## A/supply_only_pdf mode=supply_only profile=pdf fixed=(None,None) H=30+365 n_rep=10 ########
--- baselines ---
  baseline fixed_0_(s,S): 2574805.1 ± 10084.3
  baseline best_fixed_1: 2574722.8 ± 10093.3
  baseline rule_based: 2575155.4 ± 9451.0

=== TRAIN supply_only_pdf | dqn/no_ws ===
[train] state_encoder=raw dim=94 action_space=coarse n_actions=18 algo=dqn forbid_expedite=True
[train ep 005/40] algo=dqn steps=365 return=255.100 raw_profit=2551001.6 loss=0.07421 eps=0.849 buf=1825 updates=1026
[eval  ep 005] greedy_profit=2546898.5 ± 19102.7 (n=2, days=365)
[train ep 010/40] algo=dqn steps=365 return=255.663 raw_profit=2556634.3 loss=0.11874 eps=0.699 buf=3650 updates=2851
[eval  ep 010] greedy_profit=2540818.9 ± 18364.0 (n=2, days=365)
[train ep 015/40] algo=dqn steps=365 return=256.099 raw_profit=2560985.7 loss=0.17829 eps=0.548 buf=5475 updates=4676
[eval  ep 015] greedy_profit=2554686.1 ± 15293.0 (n=2, days=365)
[train ep 020/40] algo=dqn steps=365 return=255.186 raw_profit=2551861.6 loss=0.29816 eps=0.398 buf=7300 updates=6501
[eval  ep 020] greedy_profit=2537301.6 ± 16927.3 (n=2, days=365)
[train ep 025/40] algo=dqn steps=365 return=255.882 raw_profit=2558824.3 loss=0.53572 eps=0.247 buf=9125 updates=8326
[eval  ep 025] greedy_profit=2541606.0 ± 18300.0 (n=2, days=365)
[train ep 030/40] algo=dqn steps=365 return=255.220 raw_profit=2552197.3 loss=0.48489 eps=0.097 buf=10950 updates=10151
[eval  ep 030] greedy_profit=2555667.7 ± 18813.0 (n=2, days=365)
[train ep 035/40] algo=dqn steps=365 return=255.867 raw_profit=2558666.7 loss=0.61494 eps=0.010 buf=12775 updates=11976
[eval  ep 035] greedy_profit=2553732.3 ± 17354.0 (n=2, days=365)
[train ep 040/40] algo=dqn steps=365 return=255.867 raw_profit=2558674.3 loss=0.89875 eps=0.010 buf=14600 updates=13801
[eval  ep 040] greedy_profit=2549115.4 ± 18086.3 (n=2, days=365)
saved best checkpoint → /Users/oliverhuang/Desktop/2026_furp_零售/logs/checkpoints/suite_ab/A_supply_only_pdf_dqn_no_ws_best.pt (profit=2555667.7)
[dqn/no_ws] best_eval=2555667.6625000015 (12s)
  EVAL dqn/no_ws: 2558322.6 ± 9442.4 (Δrule=-16833, Δbest=-16400)

=== TRAIN supply_only_pdf | dqn/ws ===
[train] state_encoder=raw dim=94 action_space=coarse n_actions=18 algo=dqn forbid_expedite=True
[warmstart] collecting 15 rule episodes (forbid_expedite=True) ...
[warmstart rule ep 001/15] raw_profit=2577592.2 buf=365
[warmstart rule ep 002/15] raw_profit=2578799.5 buf=730
[warmstart rule ep 003/15] raw_profit=2559370.5 buf=1095
[warmstart rule ep 004/15] raw_profit=2559665.3 buf=1460
[warmstart rule ep 005/15] raw_profit=2569135.0 buf=1825
[warmstart rule ep 006/15] raw_profit=2577355.3 buf=2190
[warmstart rule ep 007/15] raw_profit=2560422.0 buf=2555
[warmstart rule ep 008/15] raw_profit=2568756.6 buf=2920
[warmstart rule ep 009/15] raw_profit=2553983.2 buf=3285
[warmstart rule ep 010/15] raw_profit=2589201.7 buf=3650
[warmstart rule ep 011/15] raw_profit=2571394.7 buf=4015
[warmstart rule ep 012/15] raw_profit=2573656.0 buf=4380
[warmstart rule ep 013/15] raw_profit=2569897.3 buf=4745
[warmstart rule ep 014/15] raw_profit=2563858.8 buf=5110
[warmstart rule ep 015/15] raw_profit=2581064.3 buf=5475
[warmstart] behavioral cloning 1500 updates ...
[warmstart BC 0001/1500] loss=4.2013
[warmstart BC 0300/1500] loss=0.0017
[warmstart BC 0600/1500] loss=0.0003
[warmstart BC 0900/1500] loss=0.0005
[warmstart BC 1200/1500] loss=0.0000
[warmstart BC 1500/1500] loss=0.0001
[warmstart] pre-RL greedy eval profit=2572779.7 ± 17601.5
[train ep 005/40] algo=dqn steps=365 return=254.117 raw_profit=2541174.6 loss=1.29379 eps=0.165 buf=7300 updates=2325
[eval  ep 005] greedy_profit=2536694.7 ± 17707.2 (n=2, days=365)
[train ep 010/40] algo=dqn steps=365 return=255.156 raw_profit=2551562.7 loss=1.24853 eps=0.131 buf=9125 updates=4150
[eval  ep 010] greedy_profit=2541093.6 ± 21226.3 (n=2, days=365)
[train ep 015/40] algo=dqn steps=365 return=255.528 raw_profit=2555278.7 loss=1.57125 eps=0.096 buf=10950 updates=5975
[eval  ep 015] greedy_profit=2537792.7 ± 15893.3 (n=2, days=365)
[train ep 020/40] algo=dqn steps=365 return=255.349 raw_profit=2553489.9 loss=1.66368 eps=0.061 buf=12775 updates=7800
[eval  ep 020] greedy_profit=2550902.9 ± 19436.5 (n=2, days=365)
[train ep 025/40] algo=dqn steps=365 return=255.687 raw_profit=2556873.3 loss=1.79387 eps=0.027 buf=14600 updates=9625
[eval  ep 025] greedy_profit=2541892.5 ± 20304.5 (n=2, days=365)
[train ep 030/40] algo=dqn steps=365 return=255.135 raw_profit=2551352.8 loss=2.31975 eps=0.010 buf=16425 updates=11450
[eval  ep 030] greedy_profit=2541478.1 ± 15244.6 (n=2, days=365)
[train ep 035/40] algo=dqn steps=365 return=255.623 raw_profit=2556225.6 loss=2.55538 eps=0.010 buf=18250 updates=13275
[eval  ep 035] greedy_profit=2536462.3 ± 19124.7 (n=2, days=365)
[train ep 040/40] algo=dqn steps=365 return=255.847 raw_profit=2558467.6 loss=2.60545 eps=0.010 buf=20075 updates=15100
[eval  ep 040] greedy_profit=2554485.4 ± 17573.1 (n=2, days=365)
saved best checkpoint → /Users/oliverhuang/Desktop/2026_furp_零售/logs/checkpoints/suite_ab/A_supply_only_pdf_dqn_ws_best.pt (profit=2572779.7)
[dqn/ws] best_eval=2572779.7375000007 (15s)
  EVAL dqn/ws: 2575155.4 ± 9451.0 (Δrule=+0, Δbest=+433)

=== TRAIN supply_only_pdf | ddqn/no_ws ===
[train] state_encoder=raw dim=94 action_space=coarse n_actions=18 algo=ddqn forbid_expedite=True
[train ep 005/40] algo=ddqn steps=365 return=255.076 raw_profit=2550762.7 loss=0.13626 eps=0.849 buf=1825 updates=1026
[eval  ep 005] greedy_profit=2541207.8 ± 18017.5 (n=2, days=365)
[train ep 010/40] algo=ddqn steps=365 return=255.783 raw_profit=2557831.3 loss=0.10819 eps=0.699 buf=3650 updates=2851
[eval  ep 010] greedy_profit=2537195.1 ± 22429.1 (n=2, days=365)
[train ep 015/40] algo=ddqn steps=365 return=256.082 raw_profit=2560816.7 loss=0.15483 eps=0.548 buf=5475 updates=4676
[eval  ep 015] greedy_profit=2546325.8 ± 17172.6 (n=2, days=365)
[train ep 020/40] algo=ddqn steps=365 return=255.491 raw_profit=2554909.1 loss=0.25012 eps=0.398 buf=7300 updates=6501
[eval  ep 020] greedy_profit=2546364.6 ± 20395.5 (n=2, days=365)
[train ep 025/40] algo=ddqn steps=365 return=256.330 raw_profit=2563295.5 loss=0.44073 eps=0.247 buf=9125 updates=8326
[eval  ep 025] greedy_profit=2557430.9 ± 21861.6 (n=2, days=365)
[train ep 030/40] algo=ddqn steps=365 return=254.788 raw_profit=2547881.2 loss=0.41531 eps=0.097 buf=10950 updates=10151
[eval  ep 030] greedy_profit=2549579.5 ± 19243.8 (n=2, days=365)
[train ep 035/40] algo=ddqn steps=365 return=256.168 raw_profit=2561680.9 loss=0.51590 eps=0.010 buf=12775 updates=11976
[eval  ep 035] greedy_profit=2552794.8 ± 16551.9 (n=2, days=365)
[train ep 040/40] algo=ddqn steps=365 return=255.534 raw_profit=2555336.9 loss=0.74874 eps=0.010 buf=14600 updates=13801
[eval  ep 040] greedy_profit=2546372.5 ± 17757.5 (n=2, days=365)
saved best checkpoint → /Users/oliverhuang/Desktop/2026_furp_零售/logs/checkpoints/suite_ab/A_supply_only_pdf_ddqn_no_ws_best.pt (profit=2557430.9)
[ddqn/no_ws] best_eval=2557430.9375 (12s)
  EVAL ddqn/no_ws: 2561726.2 ± 8312.9 (Δrule=-13429, Δbest=-12997)

=== TRAIN supply_only_pdf | ddqn/ws ===
[train] state_encoder=raw dim=94 action_space=coarse n_actions=18 algo=ddqn forbid_expedite=True
[warmstart] collecting 15 rule episodes (forbid_expedite=True) ...
[warmstart rule ep 001/15] raw_profit=2577592.2 buf=365
[warmstart rule ep 002/15] raw_profit=2578799.5 buf=730
[warmstart rule ep 003/15] raw_profit=2559370.5 buf=1095
[warmstart rule ep 004/15] raw_profit=2559665.3 buf=1460
[warmstart rule ep 005/15] raw_profit=2569135.0 buf=1825
[warmstart rule ep 006/15] raw_profit=2577355.3 buf=2190
[warmstart rule ep 007/15] raw_profit=2560422.0 buf=2555
[warmstart rule ep 008/15] raw_profit=2568756.6 buf=2920
[warmstart rule ep 009/15] raw_profit=2553983.2 buf=3285
[warmstart rule ep 010/15] raw_profit=2589201.7 buf=3650
[warmstart rule ep 011/15] raw_profit=2571394.7 buf=4015
[warmstart rule ep 012/15] raw_profit=2573656.0 buf=4380
[warmstart rule ep 013/15] raw_profit=2569897.3 buf=4745
[warmstart rule ep 014/15] raw_profit=2563858.8 buf=5110
[warmstart rule ep 015/15] raw_profit=2581064.3 buf=5475
[warmstart] behavioral cloning 1500 updates ...
[warmstart BC 0001/1500] loss=4.2013
[warmstart BC 0300/1500] loss=0.0017
[warmstart BC 0600/1500] loss=0.0003
[warmstart BC 0900/1500] loss=0.0005
[warmstart BC 1200/1500] loss=0.0000
[warmstart BC 1500/1500] loss=0.0001
[warmstart] pre-RL greedy eval profit=2572779.7 ± 17601.5
[train ep 005/40] algo=ddqn steps=365 return=254.908 raw_profit=2549078.4 loss=0.31811 eps=0.165 buf=7300 updates=2325
[eval  ep 005] greedy_profit=2541780.5 ± 19731.7 (n=2, days=365)
[train ep 010/40] algo=ddqn steps=365 return=255.724 raw_profit=2557236.4 loss=0.29451 eps=0.131 buf=9125 updates=4150
[eval  ep 010] greedy_profit=2543150.2 ± 21570.4 (n=2, days=365)
[train ep 015/40] algo=ddqn steps=365 return=256.030 raw_profit=2560302.3 loss=0.39822 eps=0.096 buf=10950 updates=5975
[eval  ep 015] greedy_profit=2538869.7 ± 17754.9 (n=2, days=365)
[train ep 020/40] algo=ddqn steps=365 return=255.223 raw_profit=2552228.7 loss=0.47980 eps=0.061 buf=12775 updates=7800
[eval  ep 020] greedy_profit=2543459.9 ± 17670.4 (n=2, days=365)
[train ep 025/40] algo=ddqn steps=365 return=256.091 raw_profit=2560913.0 loss=0.55796 eps=0.027 buf=14600 updates=9625
[eval  ep 025] greedy_profit=2539455.7 ± 16768.7 (n=2, days=365)
[train ep 030/40] algo=ddqn steps=365 return=255.083 raw_profit=2550832.0 loss=0.76034 eps=0.010 buf=16425 updates=11450
[eval  ep 030] greedy_profit=2559250.3 ± 20520.8 (n=2, days=365)
[train ep 035/40] algo=ddqn steps=365 return=256.013 raw_profit=2560129.7 loss=0.93600 eps=0.010 buf=18250 updates=13275
[eval  ep 035] greedy_profit=2544946.2 ± 15714.2 (n=2, days=365)
[train ep 040/40] algo=ddqn steps=365 return=255.914 raw_profit=2559136.8 loss=1.03290 eps=0.010 buf=20075 updates=15100
[eval  ep 040] greedy_profit=2548946.3 ± 17018.4 (n=2, days=365)
saved best checkpoint → /Users/oliverhuang/Desktop/2026_furp_零售/logs/checkpoints/suite_ab/A_supply_only_pdf_ddqn_ws_best.pt (profit=2572779.7)
[ddqn/ws] best_eval=2572779.7375000007 (15s)
  EVAL ddqn/ws: 2575155.4 ± 9451.0 (Δrule=+0, Δbest=+433)

=== TRAIN supply_only_pdf | dueling/no_ws ===
[train] state_encoder=raw dim=94 action_space=coarse n_actions=18 algo=dueling forbid_expedite=True
[train ep 005/40] algo=dueling steps=365 return=255.330 raw_profit=2553301.2 loss=0.04511 eps=0.849 buf=1825 updates=1026
[eval  ep 005] greedy_profit=2542244.0 ± 17638.5 (n=2, days=365)
[train ep 010/40] algo=dueling steps=365 return=255.816 raw_profit=2558158.1 loss=0.07054 eps=0.699 buf=3650 updates=2851
[eval  ep 010] greedy_profit=2545725.6 ± 18195.6 (n=2, days=365)
[train ep 015/40] algo=dueling steps=365 return=256.240 raw_profit=2562395.3 loss=0.11511 eps=0.548 buf=5475 updates=4676
[eval  ep 015] greedy_profit=2546664.6 ± 17377.7 (n=2, days=365)
[train ep 020/40] algo=dueling steps=365 return=255.468 raw_profit=2554676.8 loss=0.18213 eps=0.398 buf=7300 updates=6501
[eval  ep 020] greedy_profit=2542956.6 ± 18909.5 (n=2, days=365)
[train ep 025/40] algo=dueling steps=365 return=255.771 raw_profit=2557706.8 loss=0.32241 eps=0.247 buf=9125 updates=8326
[eval  ep 025] greedy_profit=2546087.3 ± 17481.4 (n=2, days=365)
[train ep 030/40] algo=dueling steps=365 return=255.112 raw_profit=2551117.9 loss=0.32804 eps=0.097 buf=10950 updates=10151
[eval  ep 030] greedy_profit=2550203.7 ± 16961.2 (n=2, days=365)
[train ep 035/40] algo=dueling steps=365 return=256.124 raw_profit=2561240.5 loss=0.44311 eps=0.010 buf=12775 updates=11976
[eval  ep 035] greedy_profit=2542688.9 ± 16887.0 (n=2, days=365)
[train ep 040/40] algo=dueling steps=365 return=255.974 raw_profit=2559744.8 loss=0.61097 eps=0.010 buf=14600 updates=13801
[eval  ep 040] greedy_profit=2546465.4 ± 17429.0 (n=2, days=365)
saved best checkpoint → /Users/oliverhuang/Desktop/2026_furp_零售/logs/checkpoints/suite_ab/A_supply_only_pdf_dueling_no_ws_best.pt (profit=2550203.7)
[dueling/no_ws] best_eval=2550203.6500000013 (14s)
  EVAL dueling/no_ws: 2551892.7 ± 9429.9 (Δrule=-23263, Δbest=-22830)

=== TRAIN supply_only_pdf | dueling/ws ===
[train] state_encoder=raw dim=94 action_space=coarse n_actions=18 algo=dueling forbid_expedite=True
[warmstart] collecting 15 rule episodes (forbid_expedite=True) ...
[warmstart rule ep 001/15] raw_profit=2577592.2 buf=365
[warmstart rule ep 002/15] raw_profit=2578799.5 buf=730
[warmstart rule ep 003/15] raw_profit=2559370.5 buf=1095
[warmstart rule ep 004/15] raw_profit=2559665.3 buf=1460
[warmstart rule ep 005/15] raw_profit=2569135.0 buf=1825
[warmstart rule ep 006/15] raw_profit=2577355.3 buf=2190
[warmstart rule ep 007/15] raw_profit=2560422.0 buf=2555
[warmstart rule ep 008/15] raw_profit=2568756.6 buf=2920
[warmstart rule ep 009/15] raw_profit=2553983.2 buf=3285
[warmstart rule ep 010/15] raw_profit=2589201.7 buf=3650
[warmstart rule ep 011/15] raw_profit=2571394.7 buf=4015
[warmstart rule ep 012/15] raw_profit=2573656.0 buf=4380
[warmstart rule ep 013/15] raw_profit=2569897.3 buf=4745
[warmstart rule ep 014/15] raw_profit=2563858.8 buf=5110
[warmstart rule ep 015/15] raw_profit=2581064.3 buf=5475
[warmstart] behavioral cloning 1500 updates ...
[warmstart BC 0001/1500] loss=3.2722
[warmstart BC 0300/1500] loss=0.0017
[warmstart BC 0600/1500] loss=0.0001
[warmstart BC 0900/1500] loss=0.0001
[warmstart BC 1200/1500] loss=0.0000
[warmstart BC 1500/1500] loss=0.0000
[warmstart] pre-RL greedy eval profit=2573782.1 ± 18152.4
[train ep 005/40] algo=dueling steps=365 return=256.946 raw_profit=2569460.3 loss=317335.11577 eps=0.165 buf=7300 updates=2325
[eval  ep 005] greedy_profit=2573782.1 ± 18152.4 (n=2, days=365)
[train ep 010/40] algo=dueling steps=365 return=257.592 raw_profit=2575919.6 loss=208833.34824 eps=0.131 buf=9125 updates=4150
[eval  ep 010] greedy_profit=2567823.3 ± 20898.3 (n=2, days=365)
[train ep 015/40] algo=dueling steps=365 return=257.388 raw_profit=2573875.6 loss=211651.48521 eps=0.096 buf=10950 updates=5975
[eval  ep 015] greedy_profit=2555822.7 ± 18379.3 (n=2, days=365)
[train ep 020/40] algo=dueling steps=365 return=255.450 raw_profit=2554498.4 loss=161163.14306 eps=0.061 buf=12775 updates=7800
[eval  ep 020] greedy_profit=2547502.0 ± 21103.4 (n=2, days=365)
[train ep 025/40] algo=dueling steps=365 return=258.246 raw_profit=2582457.4 loss=140918.82842 eps=0.027 buf=14600 updates=9625
[eval  ep 025] greedy_profit=2573305.4 ± 18694.6 (n=2, days=365)
[train ep 030/40] algo=dueling steps=365 return=255.975 raw_profit=2559745.0 loss=149230.80867 eps=0.010 buf=16425 updates=11450
[eval  ep 030] greedy_profit=2554449.1 ± 19749.5 (n=2, days=365)
[train ep 035/40] algo=dueling steps=365 return=255.193 raw_profit=2551930.7 loss=132237.05738 eps=0.010 buf=18250 updates=13275
[eval  ep 035] greedy_profit=2553469.5 ± 20155.7 (n=2, days=365)
[train ep 040/40] algo=dueling steps=365 return=258.086 raw_profit=2580857.1 loss=112922.34268 eps=0.010 buf=20075 updates=15100
[eval  ep 040] greedy_profit=2568557.6 ± 18572.5 (n=2, days=365)
saved best checkpoint → /Users/oliverhuang/Desktop/2026_furp_零售/logs/checkpoints/suite_ab/A_supply_only_pdf_dueling_ws_best.pt (profit=2573782.1)
[dueling/ws] best_eval=2573782.0875000004 (18s)
  EVAL dueling/ws: 2574522.1 ± 10455.7 (Δrule=-633, Δbest=-201)

=== TRAIN supply_only_pdf | d3qn/no_ws ===
[train] state_encoder=raw dim=94 action_space=coarse n_actions=18 algo=d3qn forbid_expedite=True
[train ep 005/40] algo=d3qn steps=365 return=255.144 raw_profit=2551442.1 loss=0.07372 eps=0.849 buf=1825 updates=1026
[eval  ep 005] greedy_profit=2545169.9 ± 19732.8 (n=2, days=365)
[train ep 010/40] algo=d3qn steps=365 return=255.617 raw_profit=2556169.3 loss=0.05753 eps=0.699 buf=3650 updates=2851
[eval  ep 010] greedy_profit=2544724.4 ± 19412.0 (n=2, days=365)
[train ep 015/40] algo=d3qn steps=365 return=255.946 raw_profit=2559463.8 loss=0.09284 eps=0.548 buf=5475 updates=4676
[eval  ep 015] greedy_profit=2547977.4 ± 17215.3 (n=2, days=365)
[train ep 020/40] algo=d3qn steps=365 return=255.233 raw_profit=2552329.3 loss=0.14604 eps=0.398 buf=7300 updates=6501
[eval  ep 020] greedy_profit=2546629.7 ± 17464.8 (n=2, days=365)
[train ep 025/40] algo=d3qn steps=365 return=256.265 raw_profit=2562651.3 loss=0.25314 eps=0.247 buf=9125 updates=8326
[eval  ep 025] greedy_profit=2552743.8 ± 20473.6 (n=2, days=365)
[train ep 030/40] algo=d3qn steps=365 return=255.095 raw_profit=2550952.4 loss=0.26647 eps=0.097 buf=10950 updates=10151
[eval  ep 030] greedy_profit=2547887.4 ± 17803.0 (n=2, days=365)
[train ep 035/40] algo=d3qn steps=365 return=256.646 raw_profit=2566461.2 loss=0.33321 eps=0.010 buf=12775 updates=11976
[eval  ep 035] greedy_profit=2546122.0 ± 17920.4 (n=2, days=365)
[train ep 040/40] algo=d3qn steps=365 return=255.672 raw_profit=2556718.2 loss=0.45644 eps=0.010 buf=14600 updates=13801
[eval  ep 040] greedy_profit=2547791.2 ± 15949.7 (n=2, days=365)
saved best checkpoint → /Users/oliverhuang/Desktop/2026_furp_零售/logs/checkpoints/suite_ab/A_supply_only_pdf_d3qn_no_ws_best.pt (profit=2552743.8)
[d3qn/no_ws] best_eval=2552743.8499999996 (15s)
  EVAL d3qn/no_ws: 2553046.6 ± 10972.4 (Δrule=-22109, Δbest=-21676)

=== TRAIN supply_only_pdf | d3qn/ws ===
[train] state_encoder=raw dim=94 action_space=coarse n_actions=18 algo=d3qn forbid_expedite=True
[warmstart] collecting 15 rule episodes (forbid_expedite=True) ...
[warmstart rule ep 001/15] raw_profit=2577592.2 buf=365
[warmstart rule ep 002/15] raw_profit=2578799.5 buf=730
[warmstart rule ep 003/15] raw_profit=2559370.5 buf=1095
[warmstart rule ep 004/15] raw_profit=2559665.3 buf=1460
[warmstart rule ep 005/15] raw_profit=2569135.0 buf=1825
[warmstart rule ep 006/15] raw_profit=2577355.3 buf=2190
[warmstart rule ep 007/15] raw_profit=2560422.0 buf=2555
[warmstart rule ep 008/15] raw_profit=2568756.6 buf=2920
[warmstart rule ep 009/15] raw_profit=2553983.2 buf=3285
[warmstart rule ep 010/15] raw_profit=2589201.7 buf=3650
[warmstart rule ep 011/15] raw_profit=2571394.7 buf=4015
[warmstart rule ep 012/15] raw_profit=2573656.0 buf=4380
[warmstart rule ep 013/15] raw_profit=2569897.3 buf=4745
[warmstart rule ep 014/15] raw_profit=2563858.8 buf=5110
[warmstart rule ep 015/15] raw_profit=2581064.3 buf=5475
[warmstart] behavioral cloning 1500 updates ...
[warmstart BC 0001/1500] loss=3.2722
[warmstart BC 0300/1500] loss=0.0017
[warmstart BC 0600/1500] loss=0.0001
[warmstart BC 0900/1500] loss=0.0001
[warmstart BC 1200/1500] loss=0.0000
[warmstart BC 1500/1500] loss=0.0000
[warmstart] pre-RL greedy eval profit=2573782.1 ± 18152.4
[train ep 005/40] algo=d3qn steps=365 return=256.946 raw_profit=2569460.3 loss=317062.87631 eps=0.165 buf=7300 updates=2325
[eval  ep 005] greedy_profit=2573782.1 ± 18152.4 (n=2, days=365)
[train ep 010/40] algo=d3qn steps=365 return=257.359 raw_profit=2573589.9 loss=215458.40067 eps=0.131 buf=9125 updates=4150
[eval  ep 010] greedy_profit=2555760.3 ± 17954.4 (n=2, days=365)
[train ep 015/40] algo=d3qn steps=365 return=258.323 raw_profit=2583232.7 loss=222269.60968 eps=0.096 buf=10950 updates=5975
[eval  ep 015] greedy_profit=2562654.2 ± 19460.3 (n=2, days=365)
[train ep 020/40] algo=d3qn steps=365 return=255.929 raw_profit=2559290.2 loss=178279.31929 eps=0.061 buf=12775 updates=7800
[eval  ep 020] greedy_profit=2553013.9 ± 16468.5 (n=2, days=365)
[train ep 025/40] algo=d3qn steps=365 return=257.005 raw_profit=2570050.2 loss=150559.51744 eps=0.027 buf=14600 updates=9625
[eval  ep 025] greedy_profit=2563933.0 ± 17471.6 (n=2, days=365)
[train ep 030/40] algo=d3qn steps=365 return=256.293 raw_profit=2562934.6 loss=160400.93063 eps=0.010 buf=16425 updates=11450
[eval  ep 030] greedy_profit=2556385.8 ± 18830.4 (n=2, days=365)
[train ep 035/40] algo=d3qn steps=365 return=256.627 raw_profit=2566265.4 loss=147978.37191 eps=0.010 buf=18250 updates=13275
[eval  ep 035] greedy_profit=2559113.9 ± 20545.6 (n=2, days=365)
[train ep 040/40] algo=d3qn steps=365 return=255.874 raw_profit=2558736.5 loss=124766.14882 eps=0.010 buf=20075 updates=15100
[eval  ep 040] greedy_profit=2552801.8 ± 18539.9 (n=2, days=365)
saved best checkpoint → /Users/oliverhuang/Desktop/2026_furp_零售/logs/checkpoints/suite_ab/A_supply_only_pdf_d3qn_ws_best.pt (profit=2573782.1)
[d3qn/ws] best_eval=2573782.0875000004 (19s)
  EVAL d3qn/ws: 2574522.1 ± 10455.7 (Δrule=-633, Δbest=-201)

=== TRAIN supply_only_pdf | ppo/no_ws ===
[train PPO] encoder=raw dim=94 n_actions=18 forbid_e1=True
[train PPO ep 001/40] raw_profit=2553654.2 loss=60.9439
[train PPO ep 005/40] raw_profit=2547822.7 loss=51.2853
[eval  PPO ep 005] greedy_profit=2573782.1 ± 18152.4
[train PPO ep 010/40] raw_profit=2559442.1 loss=31.2101
[eval  PPO ep 010] greedy_profit=2573782.1 ± 18152.4
[train PPO ep 015/40] raw_profit=2569997.7 loss=24.6972
[eval  PPO ep 015] greedy_profit=2573782.1 ± 18152.4
[train PPO ep 020/40] raw_profit=2569215.8 loss=34.6445
[eval  PPO ep 020] greedy_profit=2573782.1 ± 18152.4
[train PPO ep 025/40] raw_profit=2572539.1 loss=35.0905
[eval  PPO ep 025] greedy_profit=2573782.1 ± 18152.4
[train PPO ep 030/40] raw_profit=2552702.7 loss=36.9318
[eval  PPO ep 030] greedy_profit=2552509.1 ± 20171.5
[train PPO ep 035/40] raw_profit=2559229.6 loss=35.7625
[eval  PPO ep 035] greedy_profit=2552509.1 ± 20171.5
[train PPO ep 040/40] raw_profit=2556249.0 loss=32.8784
[eval  PPO ep 040] greedy_profit=2530828.5 ± 17225.9
saved best checkpoint → /Users/oliverhuang/Desktop/2026_furp_零售/logs/checkpoints/suite_ab/A_supply_only_pdf_ppo_no_ws_best.pt (profit=2573782.1)
[ppo/no_ws] best_eval=2573782.0875000004 (8s)
  EVAL ppo/no_ws: 2574722.8 ± 10093.3 (Δrule=-433, Δbest=+0)

=== TRAIN supply_only_pdf | ppo/ws ===
[train PPO] encoder=raw dim=94 n_actions=18 forbid_e1=True
[warmstart] collecting 15 rule episodes ...
[warmstart PPO-BC 0001/1500] loss=2.2058
[warmstart PPO-BC 0300/1500] loss=0.0247
[warmstart PPO-BC 0600/1500] loss=0.0000
[warmstart PPO-BC 0900/1500] loss=0.0005
[warmstart PPO-BC 1200/1500] loss=0.0000
[warmstart PPO-BC 1500/1500] loss=0.0000
[warmstart] pre-RL greedy eval=2572779.7
[train PPO ep 001/40] raw_profit=2580287.5 loss=46.1822
[train PPO ep 005/40] raw_profit=2573082.1 loss=26.9984
[eval  PPO ep 005] greedy_profit=2572779.7 ± 17601.5
[train PPO ep 010/40] raw_profit=2582460.2 loss=31.4690
[eval  PPO ep 010] greedy_profit=2573782.1 ± 18152.4
[train PPO ep 015/40] raw_profit=2589657.7 loss=41.6337
[eval  PPO ep 015] greedy_profit=2573782.1 ± 18152.4
[train PPO ep 020/40] raw_profit=2581371.0 loss=36.6602
[eval  PPO ep 020] greedy_profit=2573782.1 ± 18152.4
[train PPO ep 025/40] raw_profit=2583629.8 loss=33.4694
[eval  PPO ep 025] greedy_profit=2573782.1 ± 18152.4
[train PPO ep 030/40] raw_profit=2576389.6 loss=36.3433
[eval  PPO ep 030] greedy_profit=2573782.1 ± 18152.4
[train PPO ep 035/40] raw_profit=2584889.5 loss=34.0130
[eval  PPO ep 035] greedy_profit=2573782.1 ± 18152.4
[train PPO ep 040/40] raw_profit=2584460.8 loss=31.7644
[eval  PPO ep 040] greedy_profit=2573782.1 ± 18152.4
saved best checkpoint → /Users/oliverhuang/Desktop/2026_furp_零售/logs/checkpoints/suite_ab/A_supply_only_pdf_ppo_ws_best.pt (profit=2573782.1)
[ppo/ws] best_eval=2573782.0875000004 (10s)
  EVAL ppo/ws: 2574680.1 ± 10023.4 (Δrule=-475, Δbest=-43)

######## A/supply_only_harsh_mild mode=supply_only profile=harsh_mild fixed=(None,None) H=30+365 n_rep=10 ########
--- baselines ---
  baseline fixed_0_(s,S): 2524830.1 ± 31083.0
  baseline best_fixed_13: 2514238.4 ± 19326.1
  baseline rule_based: 2544653.6 ± 23450.0

=== TRAIN supply_only_harsh_mild | dqn/no_ws ===
[train] state_encoder=raw dim=94 action_space=coarse n_actions=18 algo=dqn forbid_expedite=True
[train ep 005/40] algo=dqn steps=365 return=249.643 raw_profit=2496429.0 loss=0.07554 eps=0.849 buf=1825 updates=1026
[eval  ep 005] greedy_profit=2447061.8 ± 71004.9 (n=2, days=365)
[train ep 010/40] algo=dqn steps=365 return=256.241 raw_profit=2562414.2 loss=0.12786 eps=0.699 buf=3650 updates=2851
[eval  ep 010] greedy_profit=2450476.6 ± 66596.0 (n=2, days=365)
[train ep 015/40] algo=dqn steps=365 return=235.876 raw_profit=2358759.9 loss=0.19017 eps=0.548 buf=5475 updates=4676
[eval  ep 015] greedy_profit=2454105.4 ± 70228.0 (n=2, days=365)
[train ep 020/40] algo=dqn steps=365 return=251.643 raw_profit=2516427.7 loss=0.31510 eps=0.398 buf=7300 updates=6501
[eval  ep 020] greedy_profit=2446908.7 ± 73126.6 (n=2, days=365)
[train ep 025/40] algo=dqn steps=365 return=244.597 raw_profit=2445972.5 loss=0.56391 eps=0.247 buf=9125 updates=8326
[eval  ep 025] greedy_profit=2450152.9 ± 81491.8 (n=2, days=365)
[train ep 030/40] algo=dqn steps=365 return=254.022 raw_profit=2540217.4 loss=0.51710 eps=0.097 buf=10950 updates=10151
[eval  ep 030] greedy_profit=2447669.3 ± 74186.4 (n=2, days=365)
[train ep 035/40] algo=dqn steps=365 return=252.827 raw_profit=2528273.0 loss=0.64326 eps=0.010 buf=12775 updates=11976
[eval  ep 035] greedy_profit=2460936.3 ± 63362.7 (n=2, days=365)
[train ep 040/40] algo=dqn steps=365 return=255.553 raw_profit=2555528.9 loss=0.96324 eps=0.010 buf=14600 updates=13801
[eval  ep 040] greedy_profit=2443730.7 ± 84057.8 (n=2, days=365)
saved best checkpoint → /Users/oliverhuang/Desktop/2026_furp_零售/logs/checkpoints/suite_ab/A_supply_only_harsh_mild_dqn_no_ws_best.pt (profit=2460936.3)
[dqn/no_ws] best_eval=2460936.3249999993 (12s)
  EVAL dqn/no_ws: 2517125.8 ± 25857.3 (Δrule=-27528, Δbest=+2887)

=== TRAIN supply_only_harsh_mild | dqn/ws ===
[train] state_encoder=raw dim=94 action_space=coarse n_actions=18 algo=dqn forbid_expedite=True
[warmstart] collecting 15 rule episodes (forbid_expedite=True) ...
[warmstart rule ep 001/15] raw_profit=2563413.7 buf=365
[warmstart rule ep 002/15] raw_profit=2558252.6 buf=730
[warmstart rule ep 003/15] raw_profit=2558080.0 buf=1095
[warmstart rule ep 004/15] raw_profit=2466831.4 buf=1460
[warmstart rule ep 005/15] raw_profit=2568875.5 buf=1825
[warmstart rule ep 006/15] raw_profit=2525150.0 buf=2190
[warmstart rule ep 007/15] raw_profit=2523538.5 buf=2555
[warmstart rule ep 008/15] raw_profit=2562818.1 buf=2920
[warmstart rule ep 009/15] raw_profit=2450784.9 buf=3285
[warmstart rule ep 010/15] raw_profit=2460866.6 buf=3650
[warmstart rule ep 011/15] raw_profit=2497583.7 buf=4015
[warmstart rule ep 012/15] raw_profit=2561751.8 buf=4380
[warmstart rule ep 013/15] raw_profit=2316332.7 buf=4745
[warmstart rule ep 014/15] raw_profit=2543142.1 buf=5110
[warmstart rule ep 015/15] raw_profit=2537186.9 buf=5475
[warmstart] behavioral cloning 1500 updates ...
[warmstart BC 0001/1500] loss=4.0054
[warmstart BC 0300/1500] loss=0.0014
[warmstart BC 0600/1500] loss=0.0001
[warmstart BC 0900/1500] loss=0.0001
[warmstart BC 1200/1500] loss=0.0000
[warmstart BC 1500/1500] loss=0.0000
[warmstart] pre-RL greedy eval profit=2476252.6 ± 70002.5
[train ep 005/40] algo=dqn steps=365 return=249.463 raw_profit=2494629.3 loss=1.87058 eps=0.165 buf=7300 updates=2325
[eval  ep 005] greedy_profit=2455163.5 ± 63398.9 (n=2, days=365)
[train ep 010/40] algo=dqn steps=365 return=255.474 raw_profit=2554736.4 loss=1.62016 eps=0.131 buf=9125 updates=4150
[eval  ep 010] greedy_profit=2443481.1 ± 63802.7 (n=2, days=365)
[train ep 015/40] algo=dqn steps=365 return=237.270 raw_profit=2372704.2 loss=1.90556 eps=0.096 buf=10950 updates=5975
[eval  ep 015] greedy_profit=2451440.2 ± 60878.8 (n=2, days=365)
[train ep 020/40] algo=dqn steps=365 return=251.397 raw_profit=2513966.9 loss=2.04207 eps=0.061 buf=12775 updates=7800
[eval  ep 020] greedy_profit=2445016.5 ± 68773.3 (n=2, days=365)
[train ep 025/40] algo=dqn steps=365 return=245.221 raw_profit=2452209.8 loss=2.18005 eps=0.027 buf=14600 updates=9625
[eval  ep 025] greedy_profit=2447122.9 ± 61113.0 (n=2, days=365)
[train ep 030/40] algo=dqn steps=365 return=251.959 raw_profit=2519590.8 loss=2.86181 eps=0.010 buf=16425 updates=11450
[eval  ep 030] greedy_profit=2449268.2 ± 67417.1 (n=2, days=365)
[train ep 035/40] algo=dqn steps=365 return=253.268 raw_profit=2532684.1 loss=3.04514 eps=0.010 buf=18250 updates=13275
[eval  ep 035] greedy_profit=2457220.6 ± 80762.8 (n=2, days=365)
[train ep 040/40] algo=dqn steps=365 return=255.580 raw_profit=2555803.4 loss=2.98224 eps=0.010 buf=20075 updates=15100
[eval  ep 040] greedy_profit=2452672.3 ± 74062.8 (n=2, days=365)
saved best checkpoint → /Users/oliverhuang/Desktop/2026_furp_零售/logs/checkpoints/suite_ab/A_supply_only_harsh_mild_dqn_ws_best.pt (profit=2476252.6)
[dqn/ws] best_eval=2476252.624999999 (16s)
  EVAL dqn/ws: 2544653.6 ± 23450.0 (Δrule=+0, Δbest=+30415)

=== TRAIN supply_only_harsh_mild | ddqn/no_ws ===
[train] state_encoder=raw dim=94 action_space=coarse n_actions=18 algo=ddqn forbid_expedite=True
[train ep 005/40] algo=ddqn steps=365 return=249.378 raw_profit=2493783.8 loss=0.08607 eps=0.849 buf=1825 updates=1026
[eval  ep 005] greedy_profit=2449683.1 ± 67070.1 (n=2, days=365)
[train ep 010/40] algo=ddqn steps=365 return=256.458 raw_profit=2564581.6 loss=0.12409 eps=0.699 buf=3650 updates=2851
[eval  ep 010] greedy_profit=2455847.3 ± 58764.0 (n=2, days=365)
[train ep 015/40] algo=ddqn steps=365 return=236.965 raw_profit=2369648.1 loss=0.17432 eps=0.548 buf=5475 updates=4676
[eval  ep 015] greedy_profit=2448268.7 ± 79715.0 (n=2, days=365)
[train ep 020/40] algo=ddqn steps=365 return=250.639 raw_profit=2506391.8 loss=0.27083 eps=0.398 buf=7300 updates=6501
[eval  ep 020] greedy_profit=2456990.4 ± 67329.1 (n=2, days=365)
[train ep 025/40] algo=ddqn steps=365 return=244.632 raw_profit=2446316.1 loss=0.44458 eps=0.247 buf=9125 updates=8326
[eval  ep 025] greedy_profit=2449652.8 ± 82846.6 (n=2, days=365)
[train ep 030/40] algo=ddqn steps=365 return=252.168 raw_profit=2521681.8 loss=0.42998 eps=0.097 buf=10950 updates=10151
[eval  ep 030] greedy_profit=2463768.5 ± 61310.5 (n=2, days=365)
[train ep 035/40] algo=ddqn steps=365 return=251.610 raw_profit=2516096.2 loss=0.52564 eps=0.010 buf=12775 updates=11976
[eval  ep 035] greedy_profit=2458962.3 ± 58357.6 (n=2, days=365)
[train ep 040/40] algo=ddqn steps=365 return=255.667 raw_profit=2556673.9 loss=0.74411 eps=0.010 buf=14600 updates=13801
[eval  ep 040] greedy_profit=2449997.0 ± 70628.9 (n=2, days=365)
saved best checkpoint → /Users/oliverhuang/Desktop/2026_furp_零售/logs/checkpoints/suite_ab/A_supply_only_harsh_mild_ddqn_no_ws_best.pt (profit=2463768.5)
[ddqn/no_ws] best_eval=2463768.5375000006 (13s)
  EVAL ddqn/no_ws: 2518145.3 ± 23657.2 (Δrule=-26508, Δbest=+3907)

=== TRAIN supply_only_harsh_mild | ddqn/ws ===
[train] state_encoder=raw dim=94 action_space=coarse n_actions=18 algo=ddqn forbid_expedite=True
[warmstart] collecting 15 rule episodes (forbid_expedite=True) ...
[warmstart rule ep 001/15] raw_profit=2563413.7 buf=365
[warmstart rule ep 002/15] raw_profit=2558252.6 buf=730
[warmstart rule ep 003/15] raw_profit=2558080.0 buf=1095
[warmstart rule ep 004/15] raw_profit=2466831.4 buf=1460
[warmstart rule ep 005/15] raw_profit=2568875.5 buf=1825
[warmstart rule ep 006/15] raw_profit=2525150.0 buf=2190
[warmstart rule ep 007/15] raw_profit=2523538.5 buf=2555
[warmstart rule ep 008/15] raw_profit=2562818.1 buf=2920
[warmstart rule ep 009/15] raw_profit=2450784.9 buf=3285
[warmstart rule ep 010/15] raw_profit=2460866.6 buf=3650
[warmstart rule ep 011/15] raw_profit=2497583.7 buf=4015
[warmstart rule ep 012/15] raw_profit=2561751.8 buf=4380
[warmstart rule ep 013/15] raw_profit=2316332.7 buf=4745
[warmstart rule ep 014/15] raw_profit=2543142.1 buf=5110
[warmstart rule ep 015/15] raw_profit=2537186.9 buf=5475
[warmstart] behavioral cloning 1500 updates ...
[warmstart BC 0001/1500] loss=4.0054
[warmstart BC 0300/1500] loss=0.0014
[warmstart BC 0600/1500] loss=0.0001
[warmstart BC 0900/1500] loss=0.0001
[warmstart BC 1200/1500] loss=0.0000
[warmstart BC 1500/1500] loss=0.0000
[warmstart] pre-RL greedy eval profit=2476252.6 ± 70002.5
[train ep 005/40] algo=ddqn steps=365 return=250.537 raw_profit=2505373.3 loss=1.91697 eps=0.165 buf=7300 updates=2325
[eval  ep 005] greedy_profit=2465896.0 ± 55153.0 (n=2, days=365)
[train ep 010/40] algo=ddqn steps=365 return=255.774 raw_profit=2557740.1 loss=1.00821 eps=0.131 buf=9125 updates=4150
[eval  ep 010] greedy_profit=2454097.5 ± 60637.4 (n=2, days=365)
[train ep 015/40] algo=ddqn steps=365 return=239.052 raw_profit=2390523.8 loss=1.01463 eps=0.096 buf=10950 updates=5975
[eval  ep 015] greedy_profit=2446398.8 ± 71041.7 (n=2, days=365)
[train ep 020/40] algo=ddqn steps=365 return=251.753 raw_profit=2517526.9 loss=1.02779 eps=0.061 buf=12775 updates=7800
[eval  ep 020] greedy_profit=2464263.0 ± 62179.0 (n=2, days=365)
[train ep 025/40] algo=ddqn steps=365 return=245.364 raw_profit=2453639.2 loss=1.13993 eps=0.027 buf=14600 updates=9625
[eval  ep 025] greedy_profit=2452699.6 ± 55933.4 (n=2, days=365)
[train ep 030/40] algo=ddqn steps=365 return=251.781 raw_profit=2517809.9 loss=1.50497 eps=0.010 buf=16425 updates=11450
[eval  ep 030] greedy_profit=2446558.1 ± 82294.1 (n=2, days=365)
[train ep 035/40] algo=ddqn steps=365 return=252.770 raw_profit=2527698.8 loss=1.68702 eps=0.010 buf=18250 updates=13275
[eval  ep 035] greedy_profit=2464171.3 ± 72036.4 (n=2, days=365)
[train ep 040/40] algo=ddqn steps=365 return=256.218 raw_profit=2562182.8 loss=1.71999 eps=0.010 buf=20075 updates=15100
[eval  ep 040] greedy_profit=2450495.5 ± 80086.9 (n=2, days=365)
saved best checkpoint → /Users/oliverhuang/Desktop/2026_furp_零售/logs/checkpoints/suite_ab/A_supply_only_harsh_mild_ddqn_ws_best.pt (profit=2476252.6)
[ddqn/ws] best_eval=2476252.624999999 (16s)
  EVAL ddqn/ws: 2544653.6 ± 23450.0 (Δrule=+0, Δbest=+30415)

=== TRAIN supply_only_harsh_mild | dueling/no_ws ===
[train] state_encoder=raw dim=94 action_space=coarse n_actions=18 algo=dueling forbid_expedite=True
[train ep 005/40] algo=dueling steps=365 return=249.206 raw_profit=2492063.5 loss=0.04962 eps=0.849 buf=1825 updates=1026
[eval  ep 005] greedy_profit=2448164.5 ± 61528.2 (n=2, days=365)
[train ep 010/40] algo=dueling steps=365 return=256.193 raw_profit=2561928.5 loss=0.07658 eps=0.699 buf=3650 updates=2851
[eval  ep 010] greedy_profit=2456553.2 ± 55392.3 (n=2, days=365)
[train ep 015/40] algo=dueling steps=365 return=234.854 raw_profit=2348536.5 loss=0.13882 eps=0.548 buf=5475 updates=4676
[eval  ep 015] greedy_profit=2459482.9 ± 63101.0 (n=2, days=365)
[train ep 020/40] algo=dueling steps=365 return=251.851 raw_profit=2518510.3 loss=0.19968 eps=0.398 buf=7300 updates=6501
[eval  ep 020] greedy_profit=2448787.1 ± 58860.7 (n=2, days=365)
[train ep 025/40] algo=dueling steps=365 return=246.883 raw_profit=2468825.6 loss=0.34395 eps=0.247 buf=9125 updates=8326
[eval  ep 025] greedy_profit=2454350.3 ± 72009.2 (n=2, days=365)
[train ep 030/40] algo=dueling steps=365 return=253.332 raw_profit=2533322.6 loss=0.34598 eps=0.097 buf=10950 updates=10151
[eval  ep 030] greedy_profit=2450948.5 ± 63870.0 (n=2, days=365)
[train ep 035/40] algo=dueling steps=365 return=252.722 raw_profit=2527220.8 loss=0.47908 eps=0.010 buf=12775 updates=11976
[eval  ep 035] greedy_profit=2439951.8 ± 67307.7 (n=2, days=365)
[train ep 040/40] algo=dueling steps=365 return=256.320 raw_profit=2563198.5 loss=0.66934 eps=0.010 buf=14600 updates=13801
[eval  ep 040] greedy_profit=2450602.7 ± 73431.3 (n=2, days=365)
saved best checkpoint → /Users/oliverhuang/Desktop/2026_furp_零售/logs/checkpoints/suite_ab/A_supply_only_harsh_mild_dueling_no_ws_best.pt (profit=2459482.9)
[dueling/no_ws] best_eval=2459482.8625 (15s)
  EVAL dueling/no_ws: 2518271.1 ± 25202.9 (Δrule=-26382, Δbest=+4033)

=== TRAIN supply_only_harsh_mild | dueling/ws ===
[train] state_encoder=raw dim=94 action_space=coarse n_actions=18 algo=dueling forbid_expedite=True
[warmstart] collecting 15 rule episodes (forbid_expedite=True) ...
[warmstart rule ep 001/15] raw_profit=2563413.7 buf=365
[warmstart rule ep 002/15] raw_profit=2558252.6 buf=730
[warmstart rule ep 003/15] raw_profit=2558080.0 buf=1095
[warmstart rule ep 004/15] raw_profit=2466831.4 buf=1460
[warmstart rule ep 005/15] raw_profit=2568875.5 buf=1825
[warmstart rule ep 006/15] raw_profit=2525150.0 buf=2190
[warmstart rule ep 007/15] raw_profit=2523538.5 buf=2555
[warmstart rule ep 008/15] raw_profit=2562818.1 buf=2920
[warmstart rule ep 009/15] raw_profit=2450784.9 buf=3285
[warmstart rule ep 010/15] raw_profit=2460866.6 buf=3650
[warmstart rule ep 011/15] raw_profit=2497583.7 buf=4015
[warmstart rule ep 012/15] raw_profit=2561751.8 buf=4380
[warmstart rule ep 013/15] raw_profit=2316332.7 buf=4745
[warmstart rule ep 014/15] raw_profit=2543142.1 buf=5110
[warmstart rule ep 015/15] raw_profit=2537186.9 buf=5475
[warmstart] behavioral cloning 1500 updates ...
[warmstart BC 0001/1500] loss=3.1798
[warmstart BC 0300/1500] loss=0.0007
[warmstart BC 0600/1500] loss=0.0000
[warmstart BC 0900/1500] loss=0.0000
[warmstart BC 1200/1500] loss=0.0000
[warmstart BC 1500/1500] loss=0.0000
[warmstart] pre-RL greedy eval profit=2451794.2 ± 83005.4
[train ep 005/40] algo=dueling steps=365 return=249.774 raw_profit=2497735.0 loss=121664.05446 eps=0.165 buf=7300 updates=2325
[eval  ep 005] greedy_profit=2452516.8 ± 82929.2 (n=2, days=365)
[train ep 010/40] algo=dueling steps=365 return=256.368 raw_profit=2563682.2 loss=80364.15719 eps=0.131 buf=9125 updates=4150
[eval  ep 010] greedy_profit=2455652.4 ± 63838.4 (n=2, days=365)
[train ep 015/40] algo=dueling steps=365 return=237.050 raw_profit=2370500.8 loss=73504.63566 eps=0.096 buf=10950 updates=5975
[eval  ep 015] greedy_profit=2462048.2 ± 70222.7 (n=2, days=365)
[train ep 020/40] algo=dueling steps=365 return=252.768 raw_profit=2527680.7 loss=53906.08060 eps=0.061 buf=12775 updates=7800
[eval  ep 020] greedy_profit=2464256.5 ± 66297.4 (n=2, days=365)
[train ep 025/40] algo=dueling steps=365 return=247.430 raw_profit=2474298.0 loss=44933.13462 eps=0.027 buf=14600 updates=9625
[eval  ep 025] greedy_profit=2466613.8 ± 72178.6 (n=2, days=365)
[train ep 030/40] algo=dueling steps=365 return=252.250 raw_profit=2522499.2 loss=46542.36123 eps=0.010 buf=16425 updates=11450
[eval  ep 030] greedy_profit=2450626.0 ± 82341.2 (n=2, days=365)
[train ep 035/40] algo=dueling steps=365 return=254.137 raw_profit=2541366.2 loss=42260.20677 eps=0.010 buf=18250 updates=13275
[eval  ep 035] greedy_profit=2440196.9 ± 79036.5 (n=2, days=365)
[train ep 040/40] algo=dueling steps=365 return=256.349 raw_profit=2563489.5 loss=34957.13611 eps=0.010 buf=20075 updates=15100
[eval  ep 040] greedy_profit=2459130.1 ± 62078.0 (n=2, days=365)
saved best checkpoint → /Users/oliverhuang/Desktop/2026_furp_零售/logs/checkpoints/suite_ab/A_supply_only_harsh_mild_dueling_ws_best.pt (profit=2466613.8)
[dueling/ws] best_eval=2466613.7999999993 (19s)
  EVAL dueling/ws: 2535145.7 ± 26612.7 (Δrule=-9508, Δbest=+20907)

=== TRAIN supply_only_harsh_mild | d3qn/no_ws ===
[train] state_encoder=raw dim=94 action_space=coarse n_actions=18 algo=d3qn forbid_expedite=True
[train ep 005/40] algo=d3qn steps=365 return=249.300 raw_profit=2493002.5 loss=0.08321 eps=0.849 buf=1825 updates=1026
[eval  ep 005] greedy_profit=2445383.6 ± 65365.9 (n=2, days=365)
[train ep 010/40] algo=d3qn steps=365 return=255.793 raw_profit=2557934.0 loss=0.06708 eps=0.699 buf=3650 updates=2851
[eval  ep 010] greedy_profit=2461707.0 ± 59687.5 (n=2, days=365)
[train ep 015/40] algo=d3qn steps=365 return=237.133 raw_profit=2371327.3 loss=0.11281 eps=0.548 buf=5475 updates=4676
[eval  ep 015] greedy_profit=2442617.1 ± 78744.5 (n=2, days=365)
[train ep 020/40] algo=d3qn steps=365 return=250.517 raw_profit=2505170.7 loss=0.16544 eps=0.398 buf=7300 updates=6501
[eval  ep 020] greedy_profit=2447386.5 ± 63002.8 (n=2, days=365)
[train ep 025/40] algo=d3qn steps=365 return=244.751 raw_profit=2447512.3 loss=0.28575 eps=0.247 buf=9125 updates=8326
[eval  ep 025] greedy_profit=2447962.8 ± 76089.1 (n=2, days=365)
[train ep 030/40] algo=d3qn steps=365 return=253.351 raw_profit=2533511.2 loss=0.28002 eps=0.097 buf=10950 updates=10151
[eval  ep 030] greedy_profit=2457034.7 ± 72168.6 (n=2, days=365)
[train ep 035/40] algo=d3qn steps=365 return=253.409 raw_profit=2534093.3 loss=0.36596 eps=0.010 buf=12775 updates=11976
[eval  ep 035] greedy_profit=2448169.4 ± 70501.6 (n=2, days=365)
[train ep 040/40] algo=d3qn steps=365 return=256.091 raw_profit=2560909.3 loss=0.50721 eps=0.010 buf=14600 updates=13801
[eval  ep 040] greedy_profit=2449597.5 ± 63570.3 (n=2, days=365)
saved best checkpoint → /Users/oliverhuang/Desktop/2026_furp_零售/logs/checkpoints/suite_ab/A_supply_only_harsh_mild_d3qn_no_ws_best.pt (profit=2461707.0)
[d3qn/no_ws] best_eval=2461707.0 (16s)
  EVAL d3qn/no_ws: 2517207.3 ± 23682.0 (Δrule=-27446, Δbest=+2969)

=== TRAIN supply_only_harsh_mild | d3qn/ws ===
[train] state_encoder=raw dim=94 action_space=coarse n_actions=18 algo=d3qn forbid_expedite=True
[warmstart] collecting 15 rule episodes (forbid_expedite=True) ...
[warmstart rule ep 001/15] raw_profit=2563413.7 buf=365
[warmstart rule ep 002/15] raw_profit=2558252.6 buf=730
[warmstart rule ep 003/15] raw_profit=2558080.0 buf=1095
[warmstart rule ep 004/15] raw_profit=2466831.4 buf=1460
[warmstart rule ep 005/15] raw_profit=2568875.5 buf=1825
[warmstart rule ep 006/15] raw_profit=2525150.0 buf=2190
[warmstart rule ep 007/15] raw_profit=2523538.5 buf=2555
[warmstart rule ep 008/15] raw_profit=2562818.1 buf=2920
[warmstart rule ep 009/15] raw_profit=2450784.9 buf=3285
[warmstart rule ep 010/15] raw_profit=2460866.6 buf=3650
[warmstart rule ep 011/15] raw_profit=2497583.7 buf=4015
[warmstart rule ep 012/15] raw_profit=2561751.8 buf=4380
[warmstart rule ep 013/15] raw_profit=2316332.7 buf=4745
[warmstart rule ep 014/15] raw_profit=2543142.1 buf=5110
[warmstart rule ep 015/15] raw_profit=2537186.9 buf=5475
[warmstart] behavioral cloning 1500 updates ...
[warmstart BC 0001/1500] loss=3.1798
[warmstart BC 0300/1500] loss=0.0007
[warmstart BC 0600/1500] loss=0.0000
[warmstart BC 0900/1500] loss=0.0000
[warmstart BC 1200/1500] loss=0.0000
[warmstart BC 1500/1500] loss=0.0000
[warmstart] pre-RL greedy eval profit=2451794.2 ± 83005.4
[train ep 005/40] algo=d3qn steps=365 return=249.774 raw_profit=2497735.0 loss=121481.68449 eps=0.165 buf=7300 updates=2325
[eval  ep 005] greedy_profit=2452516.8 ± 82929.2 (n=2, days=365)
[train ep 010/40] algo=d3qn steps=365 return=256.705 raw_profit=2567048.1 loss=80553.87137 eps=0.131 buf=9125 updates=4150
[eval  ep 010] greedy_profit=2450367.4 ± 65913.6 (n=2, days=365)
[train ep 015/40] algo=d3qn steps=365 return=237.716 raw_profit=2377158.1 loss=74480.52179 eps=0.096 buf=10950 updates=5975
[eval  ep 015] greedy_profit=2471910.9 ± 69322.0 (n=2, days=365)
[train ep 020/40] algo=d3qn steps=365 return=252.504 raw_profit=2525042.5 loss=53829.68589 eps=0.061 buf=12775 updates=7800
[eval  ep 020] greedy_profit=2467254.4 ± 67534.8 (n=2, days=365)
[train ep 025/40] algo=d3qn steps=365 return=248.220 raw_profit=2482196.8 loss=45900.83778 eps=0.027 buf=14600 updates=9625
[eval  ep 025] greedy_profit=2455293.9 ± 77269.7 (n=2, days=365)
[train ep 030/40] algo=d3qn steps=365 return=254.985 raw_profit=2549852.4 loss=46297.53562 eps=0.010 buf=16425 updates=11450
[eval  ep 030] greedy_profit=2454338.5 ± 78477.2 (n=2, days=365)
[train ep 035/40] algo=d3qn steps=365 return=253.626 raw_profit=2536258.3 loss=40724.09175 eps=0.010 buf=18250 updates=13275
[eval  ep 035] greedy_profit=2456745.3 ± 82093.0 (n=2, days=365)
[train ep 040/40] algo=d3qn steps=365 return=257.185 raw_profit=2571849.1 loss=33154.73113 eps=0.010 buf=20075 updates=15100
[eval  ep 040] greedy_profit=2458964.2 ± 80630.3 (n=2, days=365)
saved best checkpoint → /Users/oliverhuang/Desktop/2026_furp_零售/logs/checkpoints/suite_ab/A_supply_only_harsh_mild_d3qn_ws_best.pt (profit=2471910.9)
[d3qn/ws] best_eval=2471910.925000001 (20s)
  EVAL d3qn/ws: 2535121.3 ± 23716.1 (Δrule=-9532, Δbest=+20883)

=== TRAIN supply_only_harsh_mild | ppo/no_ws ===
[train PPO] encoder=raw dim=94 n_actions=18 forbid_e1=True
[train PPO ep 001/40] raw_profit=2497814.0 loss=58.5405
[train PPO ep 005/40] raw_profit=2493320.0 loss=49.4181
[eval  PPO ep 005] greedy_profit=2451000.9 ± 74617.5
[train PPO ep 010/40] raw_profit=2565390.7 loss=32.5169
[eval  PPO ep 010] greedy_profit=2451794.2 ± 83005.4
[train PPO ep 015/40] raw_profit=2368944.7 loss=44.4002
[eval  PPO ep 015] greedy_profit=2451794.2 ± 83005.4
[train PPO ep 020/40] raw_profit=2523665.0 loss=41.3964
[eval  PPO ep 020] greedy_profit=2451794.2 ± 83005.4
[train PPO ep 025/40] raw_profit=2454783.6 loss=43.1027
[eval  PPO ep 025] greedy_profit=2451794.2 ± 83005.4
[train PPO ep 030/40] raw_profit=2524380.8 loss=39.3154
[eval  PPO ep 030] greedy_profit=2451794.2 ± 83005.4
[train PPO ep 035/40] raw_profit=2537616.5 loss=35.8876
[eval  PPO ep 035] greedy_profit=2445430.8 ± 67089.8
[train PPO ep 040/40] raw_profit=2550913.4 loss=31.0445
[eval  PPO ep 040] greedy_profit=2445430.8 ± 67089.8
saved best checkpoint → /Users/oliverhuang/Desktop/2026_furp_零售/logs/checkpoints/suite_ab/A_supply_only_harsh_mild_ppo_no_ws_best.pt (profit=2451794.2)
[ppo/no_ws] best_eval=2451794.2 (9s)
  EVAL ppo/no_ws: 2524512.5 ± 32468.9 (Δrule=-20141, Δbest=+10274)

=== TRAIN supply_only_harsh_mild | ppo/ws ===
[train PPO] encoder=raw dim=94 n_actions=18 forbid_e1=True
[warmstart] collecting 15 rule episodes ...
[warmstart PPO-BC 0001/1500] loss=2.2037
[warmstart PPO-BC 0300/1500] loss=0.0012
[warmstart PPO-BC 0600/1500] loss=0.0000
[warmstart PPO-BC 0900/1500] loss=0.0000
[warmstart PPO-BC 1200/1500] loss=0.0000
[warmstart PPO-BC 1500/1500] loss=0.0000
[warmstart] pre-RL greedy eval=2476252.6
[train PPO ep 001/40] raw_profit=2514304.8 loss=42.5223
[train PPO ep 005/40] raw_profit=2499834.2 loss=26.6779
[eval  PPO ep 005] greedy_profit=2464498.1 ± 75726.6
[train PPO ep 010/40] raw_profit=2583533.8 loss=40.4292
[eval  PPO ep 010] greedy_profit=2462233.8 ± 66004.9
[train PPO ep 015/40] raw_profit=2362190.2 loss=62.6437
[eval  PPO ep 015] greedy_profit=2454996.3 ± 70417.3
[train PPO ep 020/40] raw_profit=2529689.8 loss=42.1237
[eval  PPO ep 020] greedy_profit=2456057.9 ± 70904.0
[train PPO ep 025/40] raw_profit=2471434.5 loss=39.0235
[eval  PPO ep 025] greedy_profit=2454031.7 ± 75226.8
[train PPO ep 030/40] raw_profit=2548688.3 loss=37.2414
[eval  PPO ep 030] greedy_profit=2457462.6 ± 67471.1
[train PPO ep 035/40] raw_profit=2550990.7 loss=33.3897
[eval  PPO ep 035] greedy_profit=2472690.2 ± 65425.7
[train PPO ep 040/40] raw_profit=2574300.3 loss=30.4998
[eval  PPO ep 040] greedy_profit=2473722.3 ± 72709.7
saved best checkpoint → /Users/oliverhuang/Desktop/2026_furp_零售/logs/checkpoints/suite_ab/A_supply_only_harsh_mild_ppo_ws_best.pt (profit=2476252.6)
[ppo/ws] best_eval=2476252.624999999 (12s)
  EVAL ppo/ws: 2544653.6 ± 23450.0 (Δrule=+0, Δbest=+30415)

######## A/supply_only_harsh_strong mode=supply_only profile=harsh_strong fixed=(None,None) H=30+365 n_rep=10 ########
--- baselines ---
  baseline fixed_0_(s,S): 2189087.5 ± 113215.5
  baseline best_fixed_12: 2292360.0 ± 95237.7
  baseline rule_based: 2289188.5 ± 98993.6

=== TRAIN supply_only_harsh_strong | dqn/no_ws ===
[train] state_encoder=raw dim=94 action_space=coarse n_actions=18 algo=dqn forbid_expedite=True
[train ep 005/40] algo=dqn steps=365 return=192.226 raw_profit=1922263.8 loss=0.08053 eps=0.849 buf=1825 updates=1026
[eval  ep 005] greedy_profit=2304477.6 ± 37679.3 (n=2, days=365)
[train ep 010/40] algo=dqn steps=365 return=245.407 raw_profit=2454072.9 loss=0.16307 eps=0.699 buf=3650 updates=2851
[eval  ep 010] greedy_profit=2334181.4 ± 16685.1 (n=2, days=365)
[train ep 015/40] algo=dqn steps=365 return=221.841 raw_profit=2218406.9 loss=0.26244 eps=0.548 buf=5475 updates=4676
[eval  ep 015] greedy_profit=2316834.8 ± 28508.2 (n=2, days=365)
[train ep 020/40] algo=dqn steps=365 return=240.069 raw_profit=2400694.4 loss=0.40867 eps=0.398 buf=7300 updates=6501
[eval  ep 020] greedy_profit=2324040.6 ± 48755.6 (n=2, days=365)
[train ep 025/40] algo=dqn steps=365 return=231.993 raw_profit=2319926.3 loss=0.63291 eps=0.247 buf=9125 updates=8326
[eval  ep 025] greedy_profit=2345324.3 ± 23927.8 (n=2, days=365)
[train ep 030/40] algo=dqn steps=365 return=227.934 raw_profit=2279340.7 loss=0.64682 eps=0.097 buf=10950 updates=10151
[eval  ep 030] greedy_profit=2321096.8 ± 62073.5 (n=2, days=365)
[train ep 035/40] algo=dqn steps=365 return=242.314 raw_profit=2423142.0 loss=0.76208 eps=0.010 buf=12775 updates=11976
[eval  ep 035] greedy_profit=2335385.8 ± 32818.5 (n=2, days=365)
[train ep 040/40] algo=dqn steps=365 return=239.217 raw_profit=2392174.8 loss=1.10217 eps=0.010 buf=14600 updates=13801
[eval  ep 040] greedy_profit=2344022.0 ± 28664.0 (n=2, days=365)
saved best checkpoint → /Users/oliverhuang/Desktop/2026_furp_零售/logs/checkpoints/suite_ab/A_supply_only_harsh_strong_dqn_no_ws_best.pt (profit=2345324.3)
[dqn/no_ws] best_eval=2345324.2625 (15s)
  EVAL dqn/no_ws: 2264516.9 ± 100847.5 (Δrule=-24672, Δbest=-27843)

=== TRAIN supply_only_harsh_strong | dqn/ws ===
[train] state_encoder=raw dim=94 action_space=coarse n_actions=18 algo=dqn forbid_expedite=True
[warmstart] collecting 15 rule episodes (forbid_expedite=True) ...
[warmstart rule ep 001/15] raw_profit=2104196.8 buf=365
[warmstart rule ep 002/15] raw_profit=2405964.8 buf=730
[warmstart rule ep 003/15] raw_profit=2294496.4 buf=1095
[warmstart rule ep 004/15] raw_profit=2402909.6 buf=1460
[warmstart rule ep 005/15] raw_profit=2336260.9 buf=1825
[warmstart rule ep 006/15] raw_profit=2323351.6 buf=2190
[warmstart rule ep 007/15] raw_profit=2313460.4 buf=2555
[warmstart rule ep 008/15] raw_profit=2497564.0 buf=2920
[warmstart rule ep 009/15] raw_profit=2399751.2 buf=3285
[warmstart rule ep 010/15] raw_profit=2229510.6 buf=3650
[warmstart rule ep 011/15] raw_profit=2346904.3 buf=4015
[warmstart rule ep 012/15] raw_profit=2501149.2 buf=4380
[warmstart rule ep 013/15] raw_profit=2070490.9 buf=4745
[warmstart rule ep 014/15] raw_profit=2366464.7 buf=5110
[warmstart rule ep 015/15] raw_profit=2368084.5 buf=5475
[warmstart] behavioral cloning 1500 updates ...
[warmstart BC 0001/1500] loss=3.5121
[warmstart BC 0300/1500] loss=0.0008
[warmstart BC 0600/1500] loss=0.0001
[warmstart BC 0900/1500] loss=0.0000
[warmstart BC 1200/1500] loss=0.0000
[warmstart BC 1500/1500] loss=0.0000
[warmstart] pre-RL greedy eval profit=2355833.2 ± 27721.4
[train ep 005/40] algo=dqn steps=365 return=197.188 raw_profit=1971884.0 loss=2.67473 eps=0.165 buf=7300 updates=2325
[eval  ep 005] greedy_profit=2355295.1 ± 23893.4 (n=2, days=365)
[train ep 010/40] algo=dqn steps=365 return=245.191 raw_profit=2451905.4 loss=2.04531 eps=0.131 buf=9125 updates=4150
[eval  ep 010] greedy_profit=2356603.1 ± 38048.3 (n=2, days=365)
[train ep 015/40] algo=dqn steps=365 return=222.881 raw_profit=2228805.7 loss=2.30061 eps=0.096 buf=10950 updates=5975
[eval  ep 015] greedy_profit=2357459.7 ± 13464.0 (n=2, days=365)
[train ep 020/40] algo=dqn steps=365 return=240.514 raw_profit=2405143.6 loss=2.25717 eps=0.061 buf=12775 updates=7800
[eval  ep 020] greedy_profit=2336901.6 ± 21230.5 (n=2, days=365)
[train ep 025/40] algo=dqn steps=365 return=231.925 raw_profit=2319250.0 loss=2.43698 eps=0.027 buf=14600 updates=9625
[eval  ep 025] greedy_profit=2337486.8 ± 42695.3 (n=2, days=365)
[train ep 030/40] algo=dqn steps=365 return=230.905 raw_profit=2309045.2 loss=3.05337 eps=0.010 buf=16425 updates=11450
[eval  ep 030] greedy_profit=2347702.4 ± 3942.4 (n=2, days=365)
[train ep 035/40] algo=dqn steps=365 return=242.140 raw_profit=2421399.3 loss=3.23549 eps=0.010 buf=18250 updates=13275
[eval  ep 035] greedy_profit=2349896.0 ± 40103.2 (n=2, days=365)
[train ep 040/40] algo=dqn steps=365 return=236.742 raw_profit=2367415.1 loss=3.26464 eps=0.010 buf=20075 updates=15100
[eval  ep 040] greedy_profit=2344810.8 ± 41531.1 (n=2, days=365)
saved best checkpoint → /Users/oliverhuang/Desktop/2026_furp_零售/logs/checkpoints/suite_ab/A_supply_only_harsh_strong_dqn_ws_best.pt (profit=2357459.7)
[dqn/ws] best_eval=2357459.7375000007 (19s)
  EVAL dqn/ws: 2280773.0 ± 102016.6 (Δrule=-8416, Δbest=-11587)

=== TRAIN supply_only_harsh_strong | ddqn/no_ws ===
[train] state_encoder=raw dim=94 action_space=coarse n_actions=18 algo=ddqn forbid_expedite=True
[train ep 005/40] algo=ddqn steps=365 return=189.055 raw_profit=1890553.5 loss=0.07394 eps=0.849 buf=1825 updates=1026
[eval  ep 005] greedy_profit=2323753.6 ± 37322.4 (n=2, days=365)
[train ep 010/40] algo=ddqn steps=365 return=245.793 raw_profit=2457929.1 loss=0.13663 eps=0.699 buf=3650 updates=2851
[eval  ep 010] greedy_profit=2321735.6 ± 53860.1 (n=2, days=365)
[train ep 015/40] algo=ddqn steps=365 return=221.036 raw_profit=2210355.9 loss=0.24750 eps=0.548 buf=5475 updates=4676
[eval  ep 015] greedy_profit=2333354.2 ± 26809.4 (n=2, days=365)
[train ep 020/40] algo=ddqn steps=365 return=239.342 raw_profit=2393424.2 loss=0.33546 eps=0.398 buf=7300 updates=6501
[eval  ep 020] greedy_profit=2338307.6 ± 33917.0 (n=2, days=365)
[train ep 025/40] algo=ddqn steps=365 return=231.345 raw_profit=2313449.7 loss=0.52082 eps=0.247 buf=9125 updates=8326
[eval  ep 025] greedy_profit=2319374.7 ± 59907.9 (n=2, days=365)
[train ep 030/40] algo=ddqn steps=365 return=230.260 raw_profit=2302600.0 loss=0.53180 eps=0.097 buf=10950 updates=10151
[eval  ep 030] greedy_profit=2325952.8 ± 36371.1 (n=2, days=365)
[train ep 035/40] algo=ddqn steps=365 return=243.068 raw_profit=2430684.4 loss=0.63039 eps=0.010 buf=12775 updates=11976
[eval  ep 035] greedy_profit=2332823.2 ± 35380.3 (n=2, days=365)
[train ep 040/40] algo=ddqn steps=365 return=237.370 raw_profit=2373700.7 loss=0.92021 eps=0.010 buf=14600 updates=13801
[eval  ep 040] greedy_profit=2340446.5 ± 36411.8 (n=2, days=365)
saved best checkpoint → /Users/oliverhuang/Desktop/2026_furp_零售/logs/checkpoints/suite_ab/A_supply_only_harsh_strong_ddqn_no_ws_best.pt (profit=2340446.5)
[ddqn/no_ws] best_eval=2340446.4749999996 (15s)
  EVAL ddqn/no_ws: 2248535.0 ± 102426.3 (Δrule=-40654, Δbest=-43825)

=== TRAIN supply_only_harsh_strong | ddqn/ws ===
[train] state_encoder=raw dim=94 action_space=coarse n_actions=18 algo=ddqn forbid_expedite=True
[warmstart] collecting 15 rule episodes (forbid_expedite=True) ...
[warmstart rule ep 001/15] raw_profit=2104196.8 buf=365
[warmstart rule ep 002/15] raw_profit=2405964.8 buf=730
[warmstart rule ep 003/15] raw_profit=2294496.4 buf=1095
[warmstart rule ep 004/15] raw_profit=2402909.6 buf=1460
[warmstart rule ep 005/15] raw_profit=2336260.9 buf=1825
[warmstart rule ep 006/15] raw_profit=2323351.6 buf=2190
[warmstart rule ep 007/15] raw_profit=2313460.4 buf=2555
[warmstart rule ep 008/15] raw_profit=2497564.0 buf=2920
[warmstart rule ep 009/15] raw_profit=2399751.2 buf=3285
[warmstart rule ep 010/15] raw_profit=2229510.6 buf=3650
[warmstart rule ep 011/15] raw_profit=2346904.3 buf=4015
[warmstart rule ep 012/15] raw_profit=2501149.2 buf=4380
[warmstart rule ep 013/15] raw_profit=2070490.9 buf=4745
[warmstart rule ep 014/15] raw_profit=2366464.7 buf=5110
[warmstart rule ep 015/15] raw_profit=2368084.5 buf=5475
[warmstart] behavioral cloning 1500 updates ...
[warmstart BC 0001/1500] loss=3.5121
[warmstart BC 0300/1500] loss=0.0008
[warmstart BC 0600/1500] loss=0.0001
[warmstart BC 0900/1500] loss=0.0000
[warmstart BC 1200/1500] loss=0.0000
[warmstart BC 1500/1500] loss=0.0000
[warmstart] pre-RL greedy eval profit=2355833.2 ± 27721.4
[train ep 005/40] algo=ddqn steps=365 return=194.553 raw_profit=1945528.8 loss=2.70467 eps=0.165 buf=7300 updates=2325
[eval  ep 005] greedy_profit=2344501.4 ± 5829.8 (n=2, days=365)
[train ep 010/40] algo=ddqn steps=365 return=246.837 raw_profit=2468366.9 loss=1.80351 eps=0.131 buf=9125 updates=4150
[eval  ep 010] greedy_profit=2341059.8 ± 29249.8 (n=2, days=365)
[train ep 015/40] algo=ddqn steps=365 return=224.323 raw_profit=2243225.6 loss=1.82321 eps=0.096 buf=10950 updates=5975
[eval  ep 015] greedy_profit=2348764.8 ± 30886.9 (n=2, days=365)
[train ep 020/40] algo=ddqn steps=365 return=238.784 raw_profit=2387841.4 loss=1.82787 eps=0.061 buf=12775 updates=7800
[eval  ep 020] greedy_profit=2335642.6 ± 51053.9 (n=2, days=365)
[train ep 025/40] algo=ddqn steps=365 return=232.192 raw_profit=2321917.2 loss=1.91689 eps=0.027 buf=14600 updates=9625
[eval  ep 025] greedy_profit=2349329.6 ± 26314.0 (n=2, days=365)
[train ep 030/40] algo=ddqn steps=365 return=231.075 raw_profit=2310752.0 loss=2.45896 eps=0.010 buf=16425 updates=11450
[eval  ep 030] greedy_profit=2351503.9 ± 48007.2 (n=2, days=365)
[train ep 035/40] algo=ddqn steps=365 return=244.433 raw_profit=2444331.5 loss=2.54273 eps=0.010 buf=18250 updates=13275
[eval  ep 035] greedy_profit=2336796.7 ± 39574.0 (n=2, days=365)
[train ep 040/40] algo=ddqn steps=365 return=235.263 raw_profit=2352633.2 loss=2.54306 eps=0.010 buf=20075 updates=15100
[eval  ep 040] greedy_profit=2351145.7 ± 18153.2 (n=2, days=365)
saved best checkpoint → /Users/oliverhuang/Desktop/2026_furp_零售/logs/checkpoints/suite_ab/A_supply_only_harsh_strong_ddqn_ws_best.pt (profit=2355833.2)
[ddqn/ws] best_eval=2355833.2499999995 (20s)
  EVAL ddqn/ws: 2289188.5 ± 98993.6 (Δrule=+0, Δbest=-3171)

=== TRAIN supply_only_harsh_strong | dueling/no_ws ===
[train] state_encoder=raw dim=94 action_space=coarse n_actions=18 algo=dueling forbid_expedite=True
[train ep 005/40] algo=dueling steps=365 return=191.437 raw_profit=1914371.5 loss=0.05456 eps=0.849 buf=1825 updates=1026
[eval  ep 005] greedy_profit=2318359.4 ± 22080.1 (n=2, days=365)
[train ep 010/40] algo=dueling steps=365 return=242.858 raw_profit=2428578.2 loss=0.11346 eps=0.699 buf=3650 updates=2851
[eval  ep 010] greedy_profit=2332356.6 ± 24265.2 (n=2, days=365)
[train ep 015/40] algo=dueling steps=365 return=220.880 raw_profit=2208797.4 loss=0.22894 eps=0.548 buf=5475 updates=4676
[eval  ep 015] greedy_profit=2347104.3 ± 44231.3 (n=2, days=365)
[train ep 020/40] algo=dueling steps=365 return=236.987 raw_profit=2369870.0 loss=0.32901 eps=0.398 buf=7300 updates=6501
[eval  ep 020] greedy_profit=2336483.5 ± 15477.8 (n=2, days=365)
[train ep 025/40] algo=dueling steps=365 return=231.942 raw_profit=2319418.1 loss=0.51134 eps=0.247 buf=9125 updates=8326
[eval  ep 025] greedy_profit=2320981.5 ± 42536.0 (n=2, days=365)
[train ep 030/40] algo=dueling steps=365 return=229.368 raw_profit=2293680.6 loss=0.54342 eps=0.097 buf=10950 updates=10151
[eval  ep 030] greedy_profit=2324791.6 ± 32896.9 (n=2, days=365)
[train ep 035/40] algo=dueling steps=365 return=245.135 raw_profit=2451353.5 loss=0.65167 eps=0.010 buf=12775 updates=11976
[eval  ep 035] greedy_profit=2345791.2 ± 42958.0 (n=2, days=365)
[train ep 040/40] algo=dueling steps=365 return=234.586 raw_profit=2345856.2 loss=0.89285 eps=0.010 buf=14600 updates=13801
[eval  ep 040] greedy_profit=2336149.8 ± 40381.0 (n=2, days=365)
saved best checkpoint → /Users/oliverhuang/Desktop/2026_furp_零售/logs/checkpoints/suite_ab/A_supply_only_harsh_strong_dueling_no_ws_best.pt (profit=2347104.3)
[dueling/no_ws] best_eval=2347104.337500001 (17s)
  EVAL dueling/no_ws: 2253509.5 ± 107717.9 (Δrule=-35679, Δbest=-38851)

=== TRAIN supply_only_harsh_strong | dueling/ws ===
[train] state_encoder=raw dim=94 action_space=coarse n_actions=18 algo=dueling forbid_expedite=True
[warmstart] collecting 15 rule episodes (forbid_expedite=True) ...
[warmstart rule ep 001/15] raw_profit=2104196.8 buf=365
[warmstart rule ep 002/15] raw_profit=2405964.8 buf=730
[warmstart rule ep 003/15] raw_profit=2294496.4 buf=1095
[warmstart rule ep 004/15] raw_profit=2402909.6 buf=1460
[warmstart rule ep 005/15] raw_profit=2336260.9 buf=1825
[warmstart rule ep 006/15] raw_profit=2323351.6 buf=2190
[warmstart rule ep 007/15] raw_profit=2313460.4 buf=2555
[warmstart rule ep 008/15] raw_profit=2497564.0 buf=2920
[warmstart rule ep 009/15] raw_profit=2399751.2 buf=3285
[warmstart rule ep 010/15] raw_profit=2229510.6 buf=3650
[warmstart rule ep 011/15] raw_profit=2346904.3 buf=4015
[warmstart rule ep 012/15] raw_profit=2501149.2 buf=4380
[warmstart rule ep 013/15] raw_profit=2070490.9 buf=4745
[warmstart rule ep 014/15] raw_profit=2366464.7 buf=5110
[warmstart rule ep 015/15] raw_profit=2368084.5 buf=5475
[warmstart] behavioral cloning 1500 updates ...
[warmstart BC 0001/1500] loss=2.8959
[warmstart BC 0300/1500] loss=0.0004
[warmstart BC 0600/1500] loss=0.0001
[warmstart BC 0900/1500] loss=0.0000
[warmstart BC 1200/1500] loss=0.0000
[warmstart BC 1500/1500] loss=0.0000
[warmstart] pre-RL greedy eval profit=2299708.5 ± 37150.6
[train ep 005/40] algo=dueling steps=365 return=192.913 raw_profit=1929128.8 loss=74526.82325 eps=0.165 buf=7300 updates=2325
[eval  ep 005] greedy_profit=2308392.0 ± 46224.5 (n=2, days=365)
[train ep 010/40] algo=dueling steps=365 return=243.029 raw_profit=2430293.5 loss=37778.49732 eps=0.131 buf=9125 updates=4150
[eval  ep 010] greedy_profit=2303133.9 ± 48902.4 (n=2, days=365)
[train ep 015/40] algo=dueling steps=365 return=221.599 raw_profit=2215994.3 loss=23714.65090 eps=0.096 buf=10950 updates=5975
[eval  ep 015] greedy_profit=2349990.2 ± 33832.0 (n=2, days=365)
[train ep 020/40] algo=dueling steps=365 return=240.976 raw_profit=2409761.2 loss=15747.14970 eps=0.061 buf=12775 updates=7800
[eval  ep 020] greedy_profit=2345742.4 ± 31867.6 (n=2, days=365)
[train ep 025/40] algo=dueling steps=365 return=233.620 raw_profit=2336198.0 loss=12664.86006 eps=0.027 buf=14600 updates=9625
[eval  ep 025] greedy_profit=2325844.1 ± 35229.1 (n=2, days=365)
[train ep 030/40] algo=dueling steps=365 return=231.785 raw_profit=2317850.3 loss=13138.85730 eps=0.010 buf=16425 updates=11450
[eval  ep 030] greedy_profit=2341205.6 ± 41218.9 (n=2, days=365)
[train ep 035/40] algo=dueling steps=365 return=244.368 raw_profit=2443677.7 loss=11681.63614 eps=0.010 buf=18250 updates=13275
[eval  ep 035] greedy_profit=2355326.5 ± 37138.7 (n=2, days=365)
[train ep 040/40] algo=dueling steps=365 return=238.229 raw_profit=2382288.7 loss=9712.95968 eps=0.010 buf=20075 updates=15100
[eval  ep 040] greedy_profit=2355752.7 ± 45364.1 (n=2, days=365)
saved best checkpoint → /Users/oliverhuang/Desktop/2026_furp_零售/logs/checkpoints/suite_ab/A_supply_only_harsh_strong_dueling_ws_best.pt (profit=2355752.7)
[dueling/ws] best_eval=2355752.7499999986 (21s)
  EVAL dueling/ws: 2269236.1 ± 98670.5 (Δrule=-19952, Δbest=-23124)

=== TRAIN supply_only_harsh_strong | d3qn/no_ws ===
[train] state_encoder=raw dim=94 action_space=coarse n_actions=18 algo=d3qn forbid_expedite=True
[train ep 005/40] algo=d3qn steps=365 return=193.361 raw_profit=1933609.9 loss=0.07797 eps=0.849 buf=1825 updates=1026
[eval  ep 005] greedy_profit=2317803.7 ± 39232.5 (n=2, days=365)
[train ep 010/40] algo=d3qn steps=365 return=244.138 raw_profit=2441382.3 loss=0.09288 eps=0.699 buf=3650 updates=2851
[eval  ep 010] greedy_profit=2328371.4 ± 24811.3 (n=2, days=365)
[train ep 015/40] algo=d3qn steps=365 return=220.454 raw_profit=2204539.1 loss=0.20123 eps=0.548 buf=5475 updates=4676
[eval  ep 015] greedy_profit=2328544.1 ± 24010.2 (n=2, days=365)
[train ep 020/40] algo=d3qn steps=365 return=238.278 raw_profit=2382782.6 loss=0.28195 eps=0.398 buf=7300 updates=6501
[eval  ep 020] greedy_profit=2347753.4 ± 26423.4 (n=2, days=365)
[train ep 025/40] algo=d3qn steps=365 return=230.512 raw_profit=2305116.1 loss=0.41986 eps=0.247 buf=9125 updates=8326
[eval  ep 025] greedy_profit=2325752.3 ± 17761.4 (n=2, days=365)
[train ep 030/40] algo=d3qn steps=365 return=229.753 raw_profit=2297532.4 loss=0.40768 eps=0.097 buf=10950 updates=10151
[eval  ep 030] greedy_profit=2344638.1 ± 33632.3 (n=2, days=365)
[train ep 035/40] algo=d3qn steps=365 return=240.641 raw_profit=2406414.6 loss=0.46754 eps=0.010 buf=12775 updates=11976
[eval  ep 035] greedy_profit=2335077.1 ± 35586.9 (n=2, days=365)
[train ep 040/40] algo=d3qn steps=365 return=233.929 raw_profit=2339293.3 loss=0.66811 eps=0.010 buf=14600 updates=13801
[eval  ep 040] greedy_profit=2326891.3 ± 58012.6 (n=2, days=365)
saved best checkpoint → /Users/oliverhuang/Desktop/2026_furp_零售/logs/checkpoints/suite_ab/A_supply_only_harsh_strong_d3qn_no_ws_best.pt (profit=2347753.4)
[d3qn/no_ws] best_eval=2347753.3500000006 (18s)
  EVAL d3qn/no_ws: 2249314.0 ± 101689.2 (Δrule=-39875, Δbest=-43046)

=== TRAIN supply_only_harsh_strong | d3qn/ws ===
[train] state_encoder=raw dim=94 action_space=coarse n_actions=18 algo=d3qn forbid_expedite=True
[warmstart] collecting 15 rule episodes (forbid_expedite=True) ...
[warmstart rule ep 001/15] raw_profit=2104196.8 buf=365
[warmstart rule ep 002/15] raw_profit=2405964.8 buf=730
[warmstart rule ep 003/15] raw_profit=2294496.4 buf=1095
[warmstart rule ep 004/15] raw_profit=2402909.6 buf=1460
[warmstart rule ep 005/15] raw_profit=2336260.9 buf=1825
[warmstart rule ep 006/15] raw_profit=2323351.6 buf=2190
[warmstart rule ep 007/15] raw_profit=2313460.4 buf=2555
[warmstart rule ep 008/15] raw_profit=2497564.0 buf=2920
[warmstart rule ep 009/15] raw_profit=2399751.2 buf=3285
[warmstart rule ep 010/15] raw_profit=2229510.6 buf=3650
[warmstart rule ep 011/15] raw_profit=2346904.3 buf=4015
[warmstart rule ep 012/15] raw_profit=2501149.2 buf=4380
[warmstart rule ep 013/15] raw_profit=2070490.9 buf=4745
[warmstart rule ep 014/15] raw_profit=2366464.7 buf=5110
[warmstart rule ep 015/15] raw_profit=2368084.5 buf=5475
[warmstart] behavioral cloning 1500 updates ...
[warmstart BC 0001/1500] loss=2.8959
[warmstart BC 0300/1500] loss=0.0004
[warmstart BC 0600/1500] loss=0.0001
[warmstart BC 0900/1500] loss=0.0000
[warmstart BC 1200/1500] loss=0.0000
[warmstart BC 1500/1500] loss=0.0000
[warmstart] pre-RL greedy eval profit=2300078.4 ± 36627.5
[train ep 005/40] algo=d3qn steps=365 return=192.574 raw_profit=1925744.2 loss=73629.50058 eps=0.165 buf=7300 updates=2325
[eval  ep 005] greedy_profit=2301745.1 ± 30044.9 (n=2, days=365)
[train ep 010/40] algo=d3qn steps=365 return=241.457 raw_profit=2414567.8 loss=37454.06714 eps=0.131 buf=9125 updates=4150
[eval  ep 010] greedy_profit=2311369.8 ± 38808.5 (n=2, days=365)
[train ep 015/40] algo=d3qn steps=365 return=218.774 raw_profit=2187744.7 loss=23717.70326 eps=0.096 buf=10950 updates=5975
[eval  ep 015] greedy_profit=2345897.4 ± 26551.7 (n=2, days=365)
[train ep 020/40] algo=d3qn steps=365 return=238.357 raw_profit=2383572.2 loss=15631.37248 eps=0.061 buf=12775 updates=7800
[eval  ep 020] greedy_profit=2345753.6 ± 24156.7 (n=2, days=365)
[train ep 025/40] algo=d3qn steps=365 return=232.627 raw_profit=2326270.9 loss=12503.25475 eps=0.027 buf=14600 updates=9625
[eval  ep 025] greedy_profit=2327081.3 ± 15421.4 (n=2, days=365)
[train ep 030/40] algo=d3qn steps=365 return=227.923 raw_profit=2279231.3 loss=12909.14764 eps=0.010 buf=16425 updates=11450
[eval  ep 030] greedy_profit=2349157.3 ± 36235.6 (n=2, days=365)
[train ep 035/40] algo=d3qn steps=365 return=243.560 raw_profit=2435599.8 loss=11313.66504 eps=0.010 buf=18250 updates=13275
[eval  ep 035] greedy_profit=2359347.5 ± 29404.4 (n=2, days=365)
[train ep 040/40] algo=d3qn steps=365 return=237.415 raw_profit=2374150.6 loss=9610.20799 eps=0.010 buf=20075 updates=15100
[eval  ep 040] greedy_profit=2306149.0 ± 52338.7 (n=2, days=365)
saved best checkpoint → /Users/oliverhuang/Desktop/2026_furp_零售/logs/checkpoints/suite_ab/A_supply_only_harsh_strong_d3qn_ws_best.pt (profit=2359347.5)
[d3qn/ws] best_eval=2359347.475000001 (22s)
  EVAL d3qn/ws: 2293105.6 ± 95839.7 (Δrule=+3917, Δbest=+746)

=== TRAIN supply_only_harsh_strong | ppo/no_ws ===
[train PPO] encoder=raw dim=94 n_actions=18 forbid_e1=True
[train PPO ep 001/40] raw_profit=2072403.8 loss=41.4209
[train PPO ep 005/40] raw_profit=1952463.0 loss=37.0124
[eval  PPO ep 005] greedy_profit=2313416.7 ± 34719.6
[train PPO ep 010/40] raw_profit=2434098.4 loss=32.3452
[eval  PPO ep 010] greedy_profit=2313416.7 ± 34719.6
[train PPO ep 015/40] raw_profit=2161789.3 loss=44.8447
[eval  PPO ep 015] greedy_profit=2317091.0 ± 38771.1
[train PPO ep 020/40] raw_profit=2380979.7 loss=43.8123
[eval  PPO ep 020] greedy_profit=2301492.8 ± 35127.1
[train PPO ep 025/40] raw_profit=2303198.1 loss=44.6749
[eval  PPO ep 025] greedy_profit=2347090.8 ± 19915.3
[train PPO ep 030/40] raw_profit=2321549.8 loss=38.4223
[eval  PPO ep 030] greedy_profit=2347090.8 ± 19915.3
[train PPO ep 035/40] raw_profit=2425146.3 loss=29.4761
[eval  PPO ep 035] greedy_profit=2299878.6 ± 38088.1
[train PPO ep 040/40] raw_profit=2363171.0 loss=30.0189
[eval  PPO ep 040] greedy_profit=2299878.6 ± 38088.1
saved best checkpoint → /Users/oliverhuang/Desktop/2026_furp_零售/logs/checkpoints/suite_ab/A_supply_only_harsh_strong_ppo_no_ws_best.pt (profit=2347090.8)
[ppo/no_ws] best_eval=2347090.825 (11s)
  EVAL ppo/no_ws: 2277978.1 ± 95898.0 (Δrule=-11210, Δbest=-14382)

=== TRAIN supply_only_harsh_strong | ppo/ws ===
[train PPO] encoder=raw dim=94 n_actions=18 forbid_e1=True
[warmstart] collecting 15 rule episodes ...
[warmstart PPO-BC 0001/1500] loss=2.2007
[warmstart PPO-BC 0300/1500] loss=0.0005
[warmstart PPO-BC 0600/1500] loss=0.0001
[warmstart PPO-BC 0900/1500] loss=0.0000
[warmstart PPO-BC 1200/1500] loss=0.0000
[warmstart PPO-BC 1500/1500] loss=0.0000
[warmstart] pre-RL greedy eval=2355833.2
[train PPO ep 001/40] raw_profit=2194858.2 loss=31.3761
[train PPO ep 005/40] raw_profit=1936325.3 loss=34.7302
[eval  PPO ep 005] greedy_profit=2357157.1 ± 25123.7
[train PPO ep 010/40] raw_profit=2493518.2 loss=49.5185
[eval  PPO ep 010] greedy_profit=2356873.5 ± 29472.2
[train PPO ep 015/40] raw_profit=2236636.8 loss=41.7113
[eval  PPO ep 015] greedy_profit=2350138.7 ± 36017.5
[train PPO ep 020/40] raw_profit=2421997.2 loss=34.8127
[eval  PPO ep 020] greedy_profit=2335554.4 ± 42075.2
[train PPO ep 025/40] raw_profit=2343536.6 loss=34.3892
[eval  PPO ep 025] greedy_profit=2354430.5 ± 36802.0
[train PPO ep 030/40] raw_profit=2330450.8 loss=33.6314
[eval  PPO ep 030] greedy_profit=2360139.3 ± 24256.0
[train PPO ep 035/40] raw_profit=2445694.7 loss=28.6767
[eval  PPO ep 035] greedy_profit=2361873.0 ± 21298.2
[train PPO ep 040/40] raw_profit=2363217.3 loss=30.4159
[eval  PPO ep 040] greedy_profit=2358709.3 ± 23856.6
saved best checkpoint → /Users/oliverhuang/Desktop/2026_furp_零售/logs/checkpoints/suite_ab/A_supply_only_harsh_strong_ppo_ws_best.pt (profit=2361873.0)
[ppo/ws] best_eval=2361872.9625 (15s)
  EVAL ppo/ws: 2290495.4 ± 104692.1 (Δrule=+1307, Δbest=-1865)

######## A/transport_only_pdf mode=transport_only profile=pdf fixed=(None,None) H=30+365 n_rep=10 ########
--- baselines ---
  baseline fixed_0_(s,S): 2575970.1 ± 8961.2
  baseline best_fixed_1: 2576014.8 ± 9014.2
  baseline rule_based: 2575264.2 ± 9345.7

=== TRAIN transport_only_pdf | dqn/no_ws ===
[train] state_encoder=raw dim=94 action_space=coarse n_actions=18 algo=dqn forbid_expedite=True
[train ep 005/40] algo=dqn steps=365 return=254.829 raw_profit=2548294.4 loss=0.06922 eps=0.849 buf=1825 updates=1026
[eval  ep 005] greedy_profit=2544710.4 ± 16670.7 (n=2, days=365)
[train ep 010/40] algo=dqn steps=365 return=255.633 raw_profit=2556333.4 loss=0.12551 eps=0.699 buf=3650 updates=2851
[eval  ep 010] greedy_profit=2540811.2 ± 20061.4 (n=2, days=365)
[train ep 015/40] algo=dqn steps=365 return=255.219 raw_profit=2552191.7 loss=0.19779 eps=0.548 buf=5475 updates=4676
[eval  ep 015] greedy_profit=2556167.2 ± 18746.4 (n=2, days=365)
[train ep 020/40] algo=dqn steps=365 return=255.726 raw_profit=2557262.6 loss=0.31423 eps=0.398 buf=7300 updates=6501
[eval  ep 020] greedy_profit=2550165.1 ± 16397.9 (n=2, days=365)
[train ep 025/40] algo=dqn steps=365 return=256.272 raw_profit=2562724.2 loss=0.55340 eps=0.247 buf=9125 updates=8326
[eval  ep 025] greedy_profit=2555998.8 ± 17308.1 (n=2, days=365)
[train ep 030/40] algo=dqn steps=365 return=254.921 raw_profit=2549207.1 loss=0.49755 eps=0.097 buf=10950 updates=10151
[eval  ep 030] greedy_profit=2560895.2 ± 19019.4 (n=2, days=365)
[train ep 035/40] algo=dqn steps=365 return=255.752 raw_profit=2557520.0 loss=0.62660 eps=0.010 buf=12775 updates=11976
[eval  ep 035] greedy_profit=2552467.2 ± 18747.1 (n=2, days=365)
[train ep 040/40] algo=dqn steps=365 return=255.939 raw_profit=2559392.6 loss=0.86775 eps=0.010 buf=14600 updates=13801
[eval  ep 040] greedy_profit=2552902.4 ± 18235.3 (n=2, days=365)
saved best checkpoint → /Users/oliverhuang/Desktop/2026_furp_零售/logs/checkpoints/suite_ab/A_transport_only_pdf_dqn_no_ws_best.pt (profit=2560895.2)
[dqn/no_ws] best_eval=2560895.1875 (12s)
  EVAL dqn/no_ws: 2560941.2 ± 10950.9 (Δrule=-14323, Δbest=-15074)

=== TRAIN transport_only_pdf | dqn/ws ===
[train] state_encoder=raw dim=94 action_space=coarse n_actions=18 algo=dqn forbid_expedite=True
[warmstart] collecting 15 rule episodes (forbid_expedite=True) ...
[warmstart rule ep 001/15] raw_profit=2568153.2 buf=365
[warmstart rule ep 002/15] raw_profit=2578936.5 buf=730
[warmstart rule ep 003/15] raw_profit=2559379.3 buf=1095
[warmstart rule ep 004/15] raw_profit=2558895.6 buf=1460
[warmstart rule ep 005/15] raw_profit=2568739.7 buf=1825
[warmstart rule ep 006/15] raw_profit=2576790.8 buf=2190
[warmstart rule ep 007/15] raw_profit=2559684.6 buf=2555
[warmstart rule ep 008/15] raw_profit=2569017.8 buf=2920
[warmstart rule ep 009/15] raw_profit=2558545.5 buf=3285
[warmstart rule ep 010/15] raw_profit=2591143.5 buf=3650
[warmstart rule ep 011/15] raw_profit=2570523.0 buf=4015
[warmstart rule ep 012/15] raw_profit=2573543.2 buf=4380
[warmstart rule ep 013/15] raw_profit=2570286.9 buf=4745
[warmstart rule ep 014/15] raw_profit=2558956.1 buf=5110
[warmstart rule ep 015/15] raw_profit=2580809.0 buf=5475
[warmstart] behavioral cloning 1500 updates ...
[warmstart BC 0001/1500] loss=4.1989
[warmstart BC 0300/1500] loss=0.0009
[warmstart BC 0600/1500] loss=0.0001
[warmstart BC 0900/1500] loss=0.0002
[warmstart BC 1200/1500] loss=0.0001
[warmstart BC 1500/1500] loss=0.0001
[warmstart] pre-RL greedy eval profit=2573967.1 ± 16208.2
[train ep 005/40] algo=dqn steps=365 return=255.230 raw_profit=2552295.5 loss=1.33486 eps=0.165 buf=7300 updates=2325
[eval  ep 005] greedy_profit=2550071.9 ± 22064.4 (n=2, days=365)
[train ep 010/40] algo=dqn steps=365 return=255.534 raw_profit=2555341.0 loss=1.37078 eps=0.131 buf=9125 updates=4150
[eval  ep 010] greedy_profit=2537794.2 ± 21508.3 (n=2, days=365)
[train ep 015/40] algo=dqn steps=365 return=255.054 raw_profit=2550544.8 loss=1.70862 eps=0.096 buf=10950 updates=5975
[eval  ep 015] greedy_profit=2537142.4 ± 19059.0 (n=2, days=365)
[train ep 020/40] algo=dqn steps=365 return=255.274 raw_profit=2552740.0 loss=1.74838 eps=0.061 buf=12775 updates=7800
[eval  ep 020] greedy_profit=2546885.9 ± 19400.6 (n=2, days=365)
[train ep 025/40] algo=dqn steps=365 return=255.942 raw_profit=2559422.0 loss=1.90462 eps=0.027 buf=14600 updates=9625
[eval  ep 025] greedy_profit=2537226.9 ± 17540.5 (n=2, days=365)
[train ep 030/40] algo=dqn steps=365 return=255.023 raw_profit=2550228.0 loss=2.45170 eps=0.010 buf=16425 updates=11450
[eval  ep 030] greedy_profit=2545257.6 ± 19692.5 (n=2, days=365)
[train ep 035/40] algo=dqn steps=365 return=256.168 raw_profit=2561681.8 loss=2.68063 eps=0.010 buf=18250 updates=13275
[eval  ep 035] greedy_profit=2555650.1 ± 15379.1 (n=2, days=365)
[train ep 040/40] algo=dqn steps=365 return=256.124 raw_profit=2561239.6 loss=2.68230 eps=0.010 buf=20075 updates=15100
[eval  ep 040] greedy_profit=2546353.4 ± 19749.3 (n=2, days=365)
saved best checkpoint → /Users/oliverhuang/Desktop/2026_furp_零售/logs/checkpoints/suite_ab/A_transport_only_pdf_dqn_ws_best.pt (profit=2573967.1)
[dqn/ws] best_eval=2573967.0999999987 (15s)
  EVAL dqn/ws: 2575264.2 ± 9345.7 (Δrule=+0, Δbest=-751)

=== TRAIN transport_only_pdf | ddqn/no_ws ===
[train] state_encoder=raw dim=94 action_space=coarse n_actions=18 algo=ddqn forbid_expedite=True
[train ep 005/40] algo=ddqn steps=365 return=255.093 raw_profit=2550931.6 loss=0.11154 eps=0.849 buf=1825 updates=1026
[eval  ep 005] greedy_profit=2541546.9 ± 18178.3 (n=2, days=365)
[train ep 010/40] algo=ddqn steps=365 return=255.765 raw_profit=2557647.8 loss=0.09942 eps=0.699 buf=3650 updates=2851
[eval  ep 010] greedy_profit=2540419.2 ± 17767.3 (n=2, days=365)
[train ep 015/40] algo=ddqn steps=365 return=255.660 raw_profit=2556597.5 loss=0.14789 eps=0.548 buf=5475 updates=4676
[eval  ep 015] greedy_profit=2551440.4 ± 20724.2 (n=2, days=365)
[train ep 020/40] algo=ddqn steps=365 return=255.387 raw_profit=2553872.2 loss=0.24278 eps=0.398 buf=7300 updates=6501
[eval  ep 020] greedy_profit=2543877.8 ± 21058.6 (n=2, days=365)
[train ep 025/40] algo=ddqn steps=365 return=256.422 raw_profit=2564219.9 loss=0.42495 eps=0.247 buf=9125 updates=8326
[eval  ep 025] greedy_profit=2552495.4 ± 18977.0 (n=2, days=365)
[train ep 030/40] algo=ddqn steps=365 return=255.078 raw_profit=2550783.8 loss=0.40073 eps=0.097 buf=10950 updates=10151
[eval  ep 030] greedy_profit=2556701.1 ± 15341.4 (n=2, days=365)
[train ep 035/40] algo=ddqn steps=365 return=255.600 raw_profit=2555996.6 loss=0.51928 eps=0.010 buf=12775 updates=11976
[eval  ep 035] greedy_profit=2550754.4 ± 17722.7 (n=2, days=365)
[train ep 040/40] algo=ddqn steps=365 return=255.673 raw_profit=2556731.4 loss=0.75266 eps=0.010 buf=14600 updates=13801
[eval  ep 040] greedy_profit=2548997.3 ± 18576.5 (n=2, days=365)
saved best checkpoint → /Users/oliverhuang/Desktop/2026_furp_零售/logs/checkpoints/suite_ab/A_transport_only_pdf_ddqn_no_ws_best.pt (profit=2556701.1)
[ddqn/no_ws] best_eval=2556701.0999999996 (12s)
  EVAL ddqn/no_ws: 2558442.5 ± 9489.6 (Δrule=-16822, Δbest=-17572)

=== TRAIN transport_only_pdf | ddqn/ws ===
[train] state_encoder=raw dim=94 action_space=coarse n_actions=18 algo=ddqn forbid_expedite=True
[warmstart] collecting 15 rule episodes (forbid_expedite=True) ...
[warmstart rule ep 001/15] raw_profit=2568153.2 buf=365
[warmstart rule ep 002/15] raw_profit=2578936.5 buf=730
[warmstart rule ep 003/15] raw_profit=2559379.3 buf=1095
[warmstart rule ep 004/15] raw_profit=2558895.6 buf=1460
[warmstart rule ep 005/15] raw_profit=2568739.7 buf=1825
[warmstart rule ep 006/15] raw_profit=2576790.8 buf=2190
[warmstart rule ep 007/15] raw_profit=2559684.6 buf=2555
[warmstart rule ep 008/15] raw_profit=2569017.8 buf=2920
[warmstart rule ep 009/15] raw_profit=2558545.5 buf=3285
[warmstart rule ep 010/15] raw_profit=2591143.5 buf=3650
[warmstart rule ep 011/15] raw_profit=2570523.0 buf=4015
[warmstart rule ep 012/15] raw_profit=2573543.2 buf=4380
[warmstart rule ep 013/15] raw_profit=2570286.9 buf=4745
[warmstart rule ep 014/15] raw_profit=2558956.1 buf=5110
[warmstart rule ep 015/15] raw_profit=2580809.0 buf=5475
[warmstart] behavioral cloning 1500 updates ...
[warmstart BC 0001/1500] loss=4.1989
[warmstart BC 0300/1500] loss=0.0009
[warmstart BC 0600/1500] loss=0.0001
[warmstart BC 0900/1500] loss=0.0002
[warmstart BC 1200/1500] loss=0.0001
[warmstart BC 1500/1500] loss=0.0001
[warmstart] pre-RL greedy eval profit=2573967.1 ± 16208.2
[train ep 005/40] algo=ddqn steps=365 return=255.535 raw_profit=2555347.2 loss=0.20361 eps=0.165 buf=7300 updates=2325
[eval  ep 005] greedy_profit=2545170.7 ± 16945.4 (n=2, days=365)
[train ep 010/40] algo=ddqn steps=365 return=256.221 raw_profit=2562213.9 loss=0.20073 eps=0.131 buf=9125 updates=4150
[eval  ep 010] greedy_profit=2550049.6 ± 20777.9 (n=2, days=365)
[train ep 015/40] algo=ddqn steps=365 return=255.484 raw_profit=2554841.2 loss=0.30222 eps=0.096 buf=10950 updates=5975
[eval  ep 015] greedy_profit=2543866.7 ± 20063.6 (n=2, days=365)
[train ep 020/40] algo=ddqn steps=365 return=255.410 raw_profit=2554099.2 loss=0.39295 eps=0.061 buf=12775 updates=7800
[eval  ep 020] greedy_profit=2549508.2 ± 17028.6 (n=2, days=365)
[train ep 025/40] algo=ddqn steps=365 return=256.256 raw_profit=2562557.6 loss=0.48482 eps=0.027 buf=14600 updates=9625
[eval  ep 025] greedy_profit=2547310.2 ± 18026.9 (n=2, days=365)
[train ep 030/40] algo=ddqn steps=365 return=254.403 raw_profit=2544033.6 loss=0.67130 eps=0.010 buf=16425 updates=11450
[eval  ep 030] greedy_profit=2550121.9 ± 17614.7 (n=2, days=365)
[train ep 035/40] algo=ddqn steps=365 return=255.699 raw_profit=2556988.6 loss=0.86413 eps=0.010 buf=18250 updates=13275
[eval  ep 035] greedy_profit=2547679.6 ± 19587.8 (n=2, days=365)
[train ep 040/40] algo=ddqn steps=365 return=256.013 raw_profit=2560130.7 loss=0.97125 eps=0.010 buf=20075 updates=15100
[eval  ep 040] greedy_profit=2546315.8 ± 19021.5 (n=2, days=365)
saved best checkpoint → /Users/oliverhuang/Desktop/2026_furp_零售/logs/checkpoints/suite_ab/A_transport_only_pdf_ddqn_ws_best.pt (profit=2573967.1)
[ddqn/ws] best_eval=2573967.0999999987 (15s)
  EVAL ddqn/ws: 2575264.2 ± 9345.7 (Δrule=+0, Δbest=-751)

=== TRAIN transport_only_pdf | dueling/no_ws ===
[train] state_encoder=raw dim=94 action_space=coarse n_actions=18 algo=dueling forbid_expedite=True
[train ep 005/40] algo=dueling steps=365 return=255.438 raw_profit=2554376.6 loss=0.04762 eps=0.849 buf=1825 updates=1026
[eval  ep 005] greedy_profit=2544767.8 ± 19178.0 (n=2, days=365)
[train ep 010/40] algo=dueling steps=365 return=255.905 raw_profit=2559052.3 loss=0.07295 eps=0.699 buf=3650 updates=2851
[eval  ep 010] greedy_profit=2546096.7 ± 19008.5 (n=2, days=365)
[train ep 015/40] algo=dueling steps=365 return=255.838 raw_profit=2558377.1 loss=0.11877 eps=0.548 buf=5475 updates=4676
[eval  ep 015] greedy_profit=2548565.3 ± 18678.3 (n=2, days=365)
[train ep 020/40] algo=dueling steps=365 return=255.375 raw_profit=2553748.3 loss=0.19042 eps=0.398 buf=7300 updates=6501
[eval  ep 020] greedy_profit=2549051.7 ± 20456.5 (n=2, days=365)
[train ep 025/40] algo=dueling steps=365 return=256.075 raw_profit=2560752.2 loss=0.32381 eps=0.247 buf=9125 updates=8326
[eval  ep 025] greedy_profit=2543526.1 ± 17813.5 (n=2, days=365)
[train ep 030/40] algo=dueling steps=365 return=254.772 raw_profit=2547715.5 loss=0.32950 eps=0.097 buf=10950 updates=10151
[eval  ep 030] greedy_profit=2546959.6 ± 15590.7 (n=2, days=365)
[train ep 035/40] algo=dueling steps=365 return=255.586 raw_profit=2555861.2 loss=0.41127 eps=0.010 buf=12775 updates=11976
[eval  ep 035] greedy_profit=2546980.1 ± 16421.7 (n=2, days=365)
[train ep 040/40] algo=dueling steps=365 return=255.501 raw_profit=2555005.1 loss=0.59255 eps=0.010 buf=14600 updates=13801
[eval  ep 040] greedy_profit=2547554.8 ± 16535.9 (n=2, days=365)
saved best checkpoint → /Users/oliverhuang/Desktop/2026_furp_零售/logs/checkpoints/suite_ab/A_transport_only_pdf_dueling_no_ws_best.pt (profit=2549051.7)
[dueling/no_ws] best_eval=2549051.6750000007 (14s)
  EVAL dueling/no_ws: 2551211.4 ± 7392.8 (Δrule=-24053, Δbest=-24803)

=== TRAIN transport_only_pdf | dueling/ws ===
[train] state_encoder=raw dim=94 action_space=coarse n_actions=18 algo=dueling forbid_expedite=True
[warmstart] collecting 15 rule episodes (forbid_expedite=True) ...
[warmstart rule ep 001/15] raw_profit=2568153.2 buf=365
[warmstart rule ep 002/15] raw_profit=2578936.5 buf=730
[warmstart rule ep 003/15] raw_profit=2559379.3 buf=1095
[warmstart rule ep 004/15] raw_profit=2558895.6 buf=1460
[warmstart rule ep 005/15] raw_profit=2568739.7 buf=1825
[warmstart rule ep 006/15] raw_profit=2576790.8 buf=2190
[warmstart rule ep 007/15] raw_profit=2559684.6 buf=2555
[warmstart rule ep 008/15] raw_profit=2569017.8 buf=2920
[warmstart rule ep 009/15] raw_profit=2558545.5 buf=3285
[warmstart rule ep 010/15] raw_profit=2591143.5 buf=3650
[warmstart rule ep 011/15] raw_profit=2570523.0 buf=4015
[warmstart rule ep 012/15] raw_profit=2573543.2 buf=4380
[warmstart rule ep 013/15] raw_profit=2570286.9 buf=4745
[warmstart rule ep 014/15] raw_profit=2558956.1 buf=5110
[warmstart rule ep 015/15] raw_profit=2580809.0 buf=5475
[warmstart] behavioral cloning 1500 updates ...
[warmstart BC 0001/1500] loss=3.2764
[warmstart BC 0300/1500] loss=0.0004
[warmstart BC 0600/1500] loss=0.0000
[warmstart BC 0900/1500] loss=0.0001
[warmstart BC 1200/1500] loss=0.0000
[warmstart BC 1500/1500] loss=0.0000
[warmstart] pre-RL greedy eval profit=2575046.2 ± 18302.0
[train ep 005/40] algo=dueling steps=365 return=256.973 raw_profit=2569734.5 loss=31201.21558 eps=0.165 buf=7300 updates=2325
[eval  ep 005] greedy_profit=2575054.1 ± 17543.2 (n=2, days=365)
[train ep 010/40] algo=dueling steps=365 return=256.924 raw_profit=2569243.1 loss=19894.12922 eps=0.131 buf=9125 updates=4150
[eval  ep 010] greedy_profit=2561755.7 ± 17931.2 (n=2, days=365)
[train ep 015/40] algo=dueling steps=365 return=254.589 raw_profit=2545894.8 loss=19759.40386 eps=0.096 buf=10950 updates=5975
[eval  ep 015] greedy_profit=2545678.2 ± 19327.9 (n=2, days=365)
[train ep 020/40] algo=dueling steps=365 return=256.807 raw_profit=2568067.6 loss=15739.75417 eps=0.061 buf=12775 updates=7800
[eval  ep 020] greedy_profit=2562164.2 ± 17006.6 (n=2, days=365)
[train ep 025/40] algo=dueling steps=365 return=257.153 raw_profit=2571529.3 loss=13748.28325 eps=0.027 buf=14600 updates=9625
[eval  ep 025] greedy_profit=2556577.3 ± 18236.9 (n=2, days=365)
[train ep 030/40] algo=dueling steps=365 return=256.452 raw_profit=2564519.7 loss=14726.40325 eps=0.010 buf=16425 updates=11450
[eval  ep 030] greedy_profit=2560935.5 ± 16604.8 (n=2, days=365)
[train ep 035/40] algo=dueling steps=365 return=256.621 raw_profit=2566213.0 loss=13016.41702 eps=0.010 buf=18250 updates=13275
[eval  ep 035] greedy_profit=2556588.1 ± 20022.4 (n=2, days=365)
[train ep 040/40] algo=dueling steps=365 return=256.824 raw_profit=2568244.5 loss=10891.17323 eps=0.010 buf=20075 updates=15100
[eval  ep 040] greedy_profit=2549213.3 ± 20803.8 (n=2, days=365)
saved best checkpoint → /Users/oliverhuang/Desktop/2026_furp_零售/logs/checkpoints/suite_ab/A_transport_only_pdf_dueling_ws_best.pt (profit=2575054.1)
[dueling/ws] best_eval=2575054.062499999 (18s)
  EVAL dueling/ws: 2574765.7 ± 9151.8 (Δrule=-499, Δbest=-1249)

=== TRAIN transport_only_pdf | d3qn/no_ws ===
[train] state_encoder=raw dim=94 action_space=coarse n_actions=18 algo=d3qn forbid_expedite=True
[train ep 005/40] algo=d3qn steps=365 return=255.605 raw_profit=2556048.5 loss=0.07550 eps=0.849 buf=1825 updates=1026
[eval  ep 005] greedy_profit=2550728.6 ± 21186.0 (n=2, days=365)
[train ep 010/40] algo=d3qn steps=365 return=255.934 raw_profit=2559339.2 loss=0.06032 eps=0.699 buf=3650 updates=2851
[eval  ep 010] greedy_profit=2544566.4 ± 15316.6 (n=2, days=365)
[train ep 015/40] algo=d3qn steps=365 return=256.090 raw_profit=2560896.9 loss=0.09762 eps=0.548 buf=5475 updates=4676
[eval  ep 015] greedy_profit=2547124.3 ± 18095.2 (n=2, days=365)
[train ep 020/40] algo=d3qn steps=365 return=255.591 raw_profit=2555912.4 loss=0.15701 eps=0.398 buf=7300 updates=6501
[eval  ep 020] greedy_profit=2548801.1 ± 14354.9 (n=2, days=365)
[train ep 025/40] algo=d3qn steps=365 return=256.024 raw_profit=2560241.6 loss=0.27906 eps=0.247 buf=9125 updates=8326
[eval  ep 025] greedy_profit=2550987.7 ± 17866.4 (n=2, days=365)
[train ep 030/40] algo=d3qn steps=365 return=254.471 raw_profit=2544709.8 loss=0.26956 eps=0.097 buf=10950 updates=10151
[eval  ep 030] greedy_profit=2548928.1 ± 20197.0 (n=2, days=365)
[train ep 035/40] algo=d3qn steps=365 return=256.023 raw_profit=2560229.4 loss=0.33057 eps=0.010 buf=12775 updates=11976
[eval  ep 035] greedy_profit=2547880.1 ± 18658.8 (n=2, days=365)
[train ep 040/40] algo=d3qn steps=365 return=255.796 raw_profit=2557959.5 loss=0.47001 eps=0.010 buf=14600 updates=13801
[eval  ep 040] greedy_profit=2551072.7 ± 22376.2 (n=2, days=365)
saved best checkpoint → /Users/oliverhuang/Desktop/2026_furp_零售/logs/checkpoints/suite_ab/A_transport_only_pdf_d3qn_no_ws_best.pt (profit=2551072.7)
[d3qn/no_ws] best_eval=2551072.7 (16s)
  EVAL d3qn/no_ws: 2555561.3 ± 8669.6 (Δrule=-19703, Δbest=-20454)

=== TRAIN transport_only_pdf | d3qn/ws ===
[train] state_encoder=raw dim=94 action_space=coarse n_actions=18 algo=d3qn forbid_expedite=True
[warmstart] collecting 15 rule episodes (forbid_expedite=True) ...
[warmstart rule ep 001/15] raw_profit=2568153.2 buf=365
[warmstart rule ep 002/15] raw_profit=2578936.5 buf=730
[warmstart rule ep 003/15] raw_profit=2559379.3 buf=1095
[warmstart rule ep 004/15] raw_profit=2558895.6 buf=1460
[warmstart rule ep 005/15] raw_profit=2568739.7 buf=1825
[warmstart rule ep 006/15] raw_profit=2576790.8 buf=2190
[warmstart rule ep 007/15] raw_profit=2559684.6 buf=2555
[warmstart rule ep 008/15] raw_profit=2569017.8 buf=2920
[warmstart rule ep 009/15] raw_profit=2558545.5 buf=3285
[warmstart rule ep 010/15] raw_profit=2591143.5 buf=3650
[warmstart rule ep 011/15] raw_profit=2570523.0 buf=4015
[warmstart rule ep 012/15] raw_profit=2573543.2 buf=4380
[warmstart rule ep 013/15] raw_profit=2570286.9 buf=4745
[warmstart rule ep 014/15] raw_profit=2558956.1 buf=5110
[warmstart rule ep 015/15] raw_profit=2580809.0 buf=5475
[warmstart] behavioral cloning 1500 updates ...
[warmstart BC 0001/1500] loss=3.2764
[warmstart BC 0300/1500] loss=0.0004
[warmstart BC 0600/1500] loss=0.0000
[warmstart BC 0900/1500] loss=0.0001
[warmstart BC 1200/1500] loss=0.0000
[warmstart BC 1500/1500] loss=0.0000
[warmstart] pre-RL greedy eval profit=2575046.2 ± 18302.0
[train ep 005/40] algo=d3qn steps=365 return=256.973 raw_profit=2569734.5 loss=31156.05909 eps=0.165 buf=7300 updates=2325
[eval  ep 005] greedy_profit=2575081.9 ± 17503.8 (n=2, days=365)
[train ep 010/40] algo=d3qn steps=365 return=257.013 raw_profit=2570130.6 loss=20406.01045 eps=0.131 buf=9125 updates=4150
[eval  ep 010] greedy_profit=2564740.2 ± 16812.9 (n=2, days=365)
[train ep 015/40] algo=d3qn steps=365 return=255.094 raw_profit=2550937.4 loss=20550.37652 eps=0.096 buf=10950 updates=5975
[eval  ep 015] greedy_profit=2536488.5 ± 17848.6 (n=2, days=365)
[train ep 020/40] algo=d3qn steps=365 return=256.228 raw_profit=2562275.5 loss=15847.03336 eps=0.061 buf=12775 updates=7800
[eval  ep 020] greedy_profit=2551864.6 ± 18193.2 (n=2, days=365)
[train ep 025/40] algo=d3qn steps=365 return=257.479 raw_profit=2574788.3 loss=13912.08953 eps=0.027 buf=14600 updates=9625
[eval  ep 025] greedy_profit=2563679.0 ± 17782.5 (n=2, days=365)
[train ep 030/40] algo=d3qn steps=365 return=255.253 raw_profit=2552533.3 loss=15019.94969 eps=0.010 buf=16425 updates=11450
[eval  ep 030] greedy_profit=2556996.1 ± 18905.3 (n=2, days=365)
[train ep 035/40] algo=d3qn steps=365 return=256.415 raw_profit=2564153.0 loss=13274.77202 eps=0.010 buf=18250 updates=13275
[eval  ep 035] greedy_profit=2544411.6 ± 18682.6 (n=2, days=365)
[train ep 040/40] algo=d3qn steps=365 return=255.099 raw_profit=2550991.3 loss=11124.52884 eps=0.010 buf=20075 updates=15100
[eval  ep 040] greedy_profit=2546289.3 ± 20508.4 (n=2, days=365)
saved best checkpoint → /Users/oliverhuang/Desktop/2026_furp_零售/logs/checkpoints/suite_ab/A_transport_only_pdf_d3qn_ws_best.pt (profit=2575081.9)
[d3qn/ws] best_eval=2575081.862499999 (19s)
  EVAL d3qn/ws: 2574953.6 ± 9259.2 (Δrule=-311, Δbest=-1061)

=== TRAIN transport_only_pdf | ppo/no_ws ===
[train PPO] encoder=raw dim=94 n_actions=18 forbid_e1=True
[train PPO ep 001/40] raw_profit=2553617.6 loss=60.9217
[train PPO ep 005/40] raw_profit=2544067.6 loss=51.0655
[eval  PPO ep 005] greedy_profit=2575046.2 ± 18302.0
[train PPO ep 010/40] raw_profit=2557195.0 loss=30.7773
[eval  PPO ep 010] greedy_profit=2575046.2 ± 18302.0
[train PPO ep 015/40] raw_profit=2547468.3 loss=29.8243
[eval  PPO ep 015] greedy_profit=2575046.2 ± 18302.0
[train PPO ep 020/40] raw_profit=2561910.9 loss=35.0286
[eval  PPO ep 020] greedy_profit=2575046.2 ± 18302.0
[train PPO ep 025/40] raw_profit=2564268.8 loss=35.5140
[eval  PPO ep 025] greedy_profit=2531345.5 ± 16943.4
[train PPO ep 030/40] raw_profit=2537379.3 loss=39.6651
[eval  PPO ep 030] greedy_profit=2552949.2 ± 19980.7
[train PPO ep 035/40] raw_profit=2558583.3 loss=35.4426
[eval  PPO ep 035] greedy_profit=2552303.2 ± 17770.0
[train PPO ep 040/40] raw_profit=2550970.8 loss=32.7357
[eval  PPO ep 040] greedy_profit=2531345.5 ± 16943.4
saved best checkpoint → /Users/oliverhuang/Desktop/2026_furp_零售/logs/checkpoints/suite_ab/A_transport_only_pdf_ppo_no_ws_best.pt (profit=2575046.2)
[ppo/no_ws] best_eval=2575046.1999999993 (8s)
  EVAL ppo/no_ws: 2576014.8 ± 9014.2 (Δrule=+751, Δbest=+0)

=== TRAIN transport_only_pdf | ppo/ws ===
[train PPO] encoder=raw dim=94 n_actions=18 forbid_e1=True
[warmstart] collecting 15 rule episodes ...
[warmstart PPO-BC 0001/1500] loss=2.2056
[warmstart PPO-BC 0300/1500] loss=0.0150
[warmstart PPO-BC 0600/1500] loss=0.0001
[warmstart PPO-BC 0900/1500] loss=0.0003
[warmstart PPO-BC 1200/1500] loss=0.0000
[warmstart PPO-BC 1500/1500] loss=0.0000
[warmstart] pre-RL greedy eval=2573967.1
[train PPO ep 001/40] raw_profit=2579732.7 loss=48.9023
[train PPO ep 005/40] raw_profit=2573764.6 loss=27.7442
[eval  PPO ep 005] greedy_profit=2574713.7 ± 17684.2
[train PPO ep 010/40] raw_profit=2584949.2 loss=28.1072
[eval  PPO ep 010] greedy_profit=2574713.7 ± 17684.2
[train PPO ep 015/40] raw_profit=2580051.7 loss=43.0064
[eval  PPO ep 015] greedy_profit=2574661.5 ± 17758.0
[train PPO ep 020/40] raw_profit=2581859.1 loss=36.8444
[eval  PPO ep 020] greedy_profit=2575046.2 ± 18302.0
[train PPO ep 025/40] raw_profit=2584681.4 loss=33.6929
[eval  PPO ep 025] greedy_profit=2575046.2 ± 18302.0
[train PPO ep 030/40] raw_profit=2570871.0 loss=37.1621
[eval  PPO ep 030] greedy_profit=2575046.2 ± 18302.0
[train PPO ep 035/40] raw_profit=2584557.4 loss=33.7118
[eval  PPO ep 035] greedy_profit=2575046.2 ± 18302.0
[train PPO ep 040/40] raw_profit=2585063.4 loss=31.1971
[eval  PPO ep 040] greedy_profit=2575046.2 ± 18302.0
saved best checkpoint → /Users/oliverhuang/Desktop/2026_furp_零售/logs/checkpoints/suite_ab/A_transport_only_pdf_ppo_ws_best.pt (profit=2575046.2)
[ppo/ws] best_eval=2575046.1999999993 (10s)
  EVAL ppo/ws: 2576021.1 ± 9003.0 (Δrule=+757, Δbest=+6)

######## A/transport_only_harsh_mild mode=transport_only profile=harsh_mild fixed=(None,None) H=30+365 n_rep=10 ########
--- baselines ---
  baseline fixed_0_(s,S): 2530596.9 ± 23345.1
  baseline best_fixed_13: 2514821.5 ± 20681.9
  baseline rule_based: 2548392.0 ± 18221.1

=== TRAIN transport_only_harsh_mild | dqn/no_ws ===
[train] state_encoder=raw dim=94 action_space=coarse n_actions=18 algo=dqn forbid_expedite=True
[train ep 005/40] algo=dqn steps=365 return=246.626 raw_profit=2466265.0 loss=0.07038 eps=0.849 buf=1825 updates=1026
[eval  ep 005] greedy_profit=2505974.8 ± 30050.6 (n=2, days=365)
[train ep 010/40] algo=dqn steps=365 return=253.312 raw_profit=2533121.0 loss=0.12372 eps=0.699 buf=3650 updates=2851
[eval  ep 010] greedy_profit=2507136.6 ± 22833.3 (n=2, days=365)
[train ep 015/40] algo=dqn steps=365 return=250.330 raw_profit=2503302.9 loss=0.18829 eps=0.548 buf=5475 updates=4676
[eval  ep 015] greedy_profit=2493082.9 ± 36372.8 (n=2, days=365)
[train ep 020/40] algo=dqn steps=365 return=248.821 raw_profit=2488211.5 loss=0.31766 eps=0.398 buf=7300 updates=6501
[eval  ep 020] greedy_profit=2500026.2 ± 54024.2 (n=2, days=365)
[train ep 025/40] algo=dqn steps=365 return=255.948 raw_profit=2559477.3 loss=0.53673 eps=0.247 buf=9125 updates=8326
[eval  ep 025] greedy_profit=2516828.2 ± 18526.6 (n=2, days=365)
[train ep 030/40] algo=dqn steps=365 return=246.630 raw_profit=2466298.2 loss=0.48441 eps=0.097 buf=10950 updates=10151
[eval  ep 030] greedy_profit=2508306.3 ± 31449.9 (n=2, days=365)
[train ep 035/40] algo=dqn steps=365 return=252.285 raw_profit=2522849.7 loss=0.62007 eps=0.010 buf=12775 updates=11976
[eval  ep 035] greedy_profit=2507972.2 ± 28878.2 (n=2, days=365)
[train ep 040/40] algo=dqn steps=365 return=252.704 raw_profit=2527037.3 loss=0.90257 eps=0.010 buf=14600 updates=13801
[eval  ep 040] greedy_profit=2510955.3 ± 37294.9 (n=2, days=365)
saved best checkpoint → /Users/oliverhuang/Desktop/2026_furp_零售/logs/checkpoints/suite_ab/A_transport_only_harsh_mild_dqn_no_ws_best.pt (profit=2516828.2)
[dqn/no_ws] best_eval=2516828.224999999 (12s)
  EVAL dqn/no_ws: 2524044.5 ± 17361.0 (Δrule=-24348, Δbest=+9223)

=== TRAIN transport_only_harsh_mild | dqn/ws ===
[train] state_encoder=raw dim=94 action_space=coarse n_actions=18 algo=dqn forbid_expedite=True
[warmstart] collecting 15 rule episodes (forbid_expedite=True) ...
[warmstart rule ep 001/15] raw_profit=2536544.4 buf=365
[warmstart rule ep 002/15] raw_profit=2560234.4 buf=730
[warmstart rule ep 003/15] raw_profit=2550039.3 buf=1095
[warmstart rule ep 004/15] raw_profit=2516877.6 buf=1460
[warmstart rule ep 005/15] raw_profit=2549665.0 buf=1825
[warmstart rule ep 006/15] raw_profit=2548617.9 buf=2190
[warmstart rule ep 007/15] raw_profit=2549772.3 buf=2555
[warmstart rule ep 008/15] raw_profit=2558400.3 buf=2920
[warmstart rule ep 009/15] raw_profit=2544651.3 buf=3285
[warmstart rule ep 010/15] raw_profit=2525492.3 buf=3650
[warmstart rule ep 011/15] raw_profit=2562857.3 buf=4015
[warmstart rule ep 012/15] raw_profit=2569360.2 buf=4380
[warmstart rule ep 013/15] raw_profit=2468874.2 buf=4745
[warmstart rule ep 014/15] raw_profit=2525935.5 buf=5110
[warmstart rule ep 015/15] raw_profit=2550589.6 buf=5475
[warmstart] behavioral cloning 1500 updates ...
[warmstart BC 0001/1500] loss=4.0653
[warmstart BC 0300/1500] loss=0.0014
[warmstart BC 0600/1500] loss=0.0002
[warmstart BC 0900/1500] loss=0.0001
[warmstart BC 1200/1500] loss=0.0001
[warmstart BC 1500/1500] loss=0.0000
[warmstart] pre-RL greedy eval profit=2512756.3 ± 33119.0
[train ep 005/40] algo=dqn steps=365 return=245.714 raw_profit=2457143.2 loss=2.06936 eps=0.165 buf=7300 updates=2325
[eval  ep 005] greedy_profit=2495543.6 ± 44498.7 (n=2, days=365)
[train ep 010/40] algo=dqn steps=365 return=252.147 raw_profit=2521471.8 loss=1.88041 eps=0.131 buf=9125 updates=4150
[eval  ep 010] greedy_profit=2503299.5 ± 27704.5 (n=2, days=365)
[train ep 015/40] algo=dqn steps=365 return=250.986 raw_profit=2509858.6 loss=2.13137 eps=0.096 buf=10950 updates=5975
[eval  ep 015] greedy_profit=2505136.4 ± 33856.7 (n=2, days=365)
[train ep 020/40] algo=dqn steps=365 return=252.063 raw_profit=2520632.7 loss=2.21125 eps=0.061 buf=12775 updates=7800
[eval  ep 020] greedy_profit=2516886.2 ± 29508.6 (n=2, days=365)
[train ep 025/40] algo=dqn steps=365 return=255.464 raw_profit=2554637.7 loss=2.30124 eps=0.027 buf=14600 updates=9625
[eval  ep 025] greedy_profit=2507148.1 ± 39012.2 (n=2, days=365)
[train ep 030/40] algo=dqn steps=365 return=246.550 raw_profit=2465495.6 loss=2.91599 eps=0.010 buf=16425 updates=11450
[eval  ep 030] greedy_profit=2498881.0 ± 39151.9 (n=2, days=365)
[train ep 035/40] algo=dqn steps=365 return=252.239 raw_profit=2522394.7 loss=3.23806 eps=0.010 buf=18250 updates=13275
[eval  ep 035] greedy_profit=2509943.3 ± 31399.7 (n=2, days=365)
[train ep 040/40] algo=dqn steps=365 return=255.337 raw_profit=2553369.7 loss=3.22795 eps=0.010 buf=20075 updates=15100
[eval  ep 040] greedy_profit=2498237.8 ± 26048.3 (n=2, days=365)
saved best checkpoint → /Users/oliverhuang/Desktop/2026_furp_零售/logs/checkpoints/suite_ab/A_transport_only_harsh_mild_dqn_ws_best.pt (profit=2516886.2)
[dqn/ws] best_eval=2516886.2 (15s)
  EVAL dqn/ws: 2516027.7 ± 16838.0 (Δrule=-32364, Δbest=+1206)

=== TRAIN transport_only_harsh_mild | ddqn/no_ws ===
[train] state_encoder=raw dim=94 action_space=coarse n_actions=18 algo=ddqn forbid_expedite=True
[train ep 005/40] algo=ddqn steps=365 return=246.345 raw_profit=2463447.1 loss=0.11767 eps=0.849 buf=1825 updates=1026
[eval  ep 005] greedy_profit=2501680.6 ± 41435.5 (n=2, days=365)
[train ep 010/40] algo=ddqn steps=365 return=252.922 raw_profit=2529216.8 loss=0.11545 eps=0.699 buf=3650 updates=2851
[eval  ep 010] greedy_profit=2495523.7 ± 42665.7 (n=2, days=365)
[train ep 015/40] algo=ddqn steps=365 return=248.996 raw_profit=2489956.8 loss=0.15661 eps=0.548 buf=5475 updates=4676
[eval  ep 015] greedy_profit=2515173.0 ± 22535.2 (n=2, days=365)
[train ep 020/40] algo=ddqn steps=365 return=248.024 raw_profit=2480240.2 loss=0.24943 eps=0.398 buf=7300 updates=6501
[eval  ep 020] greedy_profit=2505133.9 ± 32735.7 (n=2, days=365)
[train ep 025/40] algo=ddqn steps=365 return=256.414 raw_profit=2564142.0 loss=0.43270 eps=0.247 buf=9125 updates=8326
[eval  ep 025] greedy_profit=2512314.2 ± 47373.7 (n=2, days=365)
[train ep 030/40] algo=ddqn steps=365 return=245.940 raw_profit=2459404.3 loss=0.39879 eps=0.097 buf=10950 updates=10151
[eval  ep 030] greedy_profit=2520246.1 ± 50926.0 (n=2, days=365)
[train ep 035/40] algo=ddqn steps=365 return=253.672 raw_profit=2536721.3 loss=0.49232 eps=0.010 buf=12775 updates=11976
[eval  ep 035] greedy_profit=2512328.1 ± 37145.7 (n=2, days=365)
[train ep 040/40] algo=ddqn steps=365 return=254.784 raw_profit=2547844.1 loss=0.68932 eps=0.010 buf=14600 updates=13801
[eval  ep 040] greedy_profit=2509228.9 ± 45827.2 (n=2, days=365)
saved best checkpoint → /Users/oliverhuang/Desktop/2026_furp_零售/logs/checkpoints/suite_ab/A_transport_only_harsh_mild_ddqn_no_ws_best.pt (profit=2520246.1)
[ddqn/no_ws] best_eval=2520246.0500000003 (13s)
  EVAL ddqn/no_ws: 2529222.6 ± 21950.7 (Δrule=-19169, Δbest=+14401)

=== TRAIN transport_only_harsh_mild | ddqn/ws ===
[train] state_encoder=raw dim=94 action_space=coarse n_actions=18 algo=ddqn forbid_expedite=True
[warmstart] collecting 15 rule episodes (forbid_expedite=True) ...
[warmstart rule ep 001/15] raw_profit=2536544.4 buf=365
[warmstart rule ep 002/15] raw_profit=2560234.4 buf=730
[warmstart rule ep 003/15] raw_profit=2550039.3 buf=1095
[warmstart rule ep 004/15] raw_profit=2516877.6 buf=1460
[warmstart rule ep 005/15] raw_profit=2549665.0 buf=1825
[warmstart rule ep 006/15] raw_profit=2548617.9 buf=2190
[warmstart rule ep 007/15] raw_profit=2549772.3 buf=2555
[warmstart rule ep 008/15] raw_profit=2558400.3 buf=2920
[warmstart rule ep 009/15] raw_profit=2544651.3 buf=3285
[warmstart rule ep 010/15] raw_profit=2525492.3 buf=3650
[warmstart rule ep 011/15] raw_profit=2562857.3 buf=4015
[warmstart rule ep 012/15] raw_profit=2569360.2 buf=4380
[warmstart rule ep 013/15] raw_profit=2468874.2 buf=4745
[warmstart rule ep 014/15] raw_profit=2525935.5 buf=5110
[warmstart rule ep 015/15] raw_profit=2550589.6 buf=5475
[warmstart] behavioral cloning 1500 updates ...
[warmstart BC 0001/1500] loss=4.0653
[warmstart BC 0300/1500] loss=0.0014
[warmstart BC 0600/1500] loss=0.0002
[warmstart BC 0900/1500] loss=0.0001
[warmstart BC 1200/1500] loss=0.0001
[warmstart BC 1500/1500] loss=0.0000
[warmstart] pre-RL greedy eval profit=2512756.3 ± 33119.0
[train ep 005/40] algo=ddqn steps=365 return=248.634 raw_profit=2486337.6 loss=1.80204 eps=0.165 buf=7300 updates=2325
[eval  ep 005] greedy_profit=2494932.8 ± 36781.8 (n=2, days=365)
[train ep 010/40] algo=ddqn steps=365 return=252.272 raw_profit=2522715.9 loss=1.51304 eps=0.131 buf=9125 updates=4150
[eval  ep 010] greedy_profit=2499364.2 ± 47659.5 (n=2, days=365)
[train ep 015/40] algo=ddqn steps=365 return=251.530 raw_profit=2515304.3 loss=1.59261 eps=0.096 buf=10950 updates=5975
[eval  ep 015] greedy_profit=2494746.1 ± 46771.9 (n=2, days=365)
[train ep 020/40] algo=ddqn steps=365 return=248.284 raw_profit=2482839.1 loss=1.55148 eps=0.061 buf=12775 updates=7800
[eval  ep 020] greedy_profit=2507177.0 ± 26809.2 (n=2, days=365)
[train ep 025/40] algo=ddqn steps=365 return=253.735 raw_profit=2537346.5 loss=1.62628 eps=0.027 buf=14600 updates=9625
[eval  ep 025] greedy_profit=2498761.8 ± 51587.6 (n=2, days=365)
[train ep 030/40] algo=ddqn steps=365 return=246.381 raw_profit=2463806.0 loss=2.03221 eps=0.010 buf=16425 updates=11450
[eval  ep 030] greedy_profit=2492949.6 ± 40943.1 (n=2, days=365)
[train ep 035/40] algo=ddqn steps=365 return=252.005 raw_profit=2520051.6 loss=2.21467 eps=0.010 buf=18250 updates=13275
[eval  ep 035] greedy_profit=2504113.1 ± 21923.7 (n=2, days=365)
[train ep 040/40] algo=ddqn steps=365 return=254.438 raw_profit=2544379.6 loss=2.16994 eps=0.010 buf=20075 updates=15100
[eval  ep 040] greedy_profit=2510664.4 ± 44467.8 (n=2, days=365)
saved best checkpoint → /Users/oliverhuang/Desktop/2026_furp_零售/logs/checkpoints/suite_ab/A_transport_only_harsh_mild_ddqn_ws_best.pt (profit=2512756.3)
[ddqn/ws] best_eval=2512756.3000000007 (16s)
  EVAL ddqn/ws: 2548392.0 ± 18221.1 (Δrule=+0, Δbest=+33571)

=== TRAIN transport_only_harsh_mild | dueling/no_ws ===
[train] state_encoder=raw dim=94 action_space=coarse n_actions=18 algo=dueling forbid_expedite=True
[train ep 005/40] algo=dueling steps=365 return=246.111 raw_profit=2461108.0 loss=0.06074 eps=0.849 buf=1825 updates=1026
[eval  ep 005] greedy_profit=2508794.7 ± 40378.8 (n=2, days=365)
[train ep 010/40] algo=dueling steps=365 return=251.327 raw_profit=2513265.6 loss=0.10001 eps=0.699 buf=3650 updates=2851
[eval  ep 010] greedy_profit=2517513.4 ± 29261.1 (n=2, days=365)
[train ep 015/40] algo=dueling steps=365 return=249.350 raw_profit=2493498.3 loss=0.14840 eps=0.548 buf=5475 updates=4676
[eval  ep 015] greedy_profit=2504366.6 ± 48195.6 (n=2, days=365)
[train ep 020/40] algo=dueling steps=365 return=248.576 raw_profit=2485759.5 loss=0.21652 eps=0.398 buf=7300 updates=6501
[eval  ep 020] greedy_profit=2502120.9 ± 41092.2 (n=2, days=365)
[train ep 025/40] algo=dueling steps=365 return=254.837 raw_profit=2548373.4 loss=0.35702 eps=0.247 buf=9125 updates=8326
[eval  ep 025] greedy_profit=2518954.6 ± 27432.0 (n=2, days=365)
[train ep 030/40] algo=dueling steps=365 return=245.166 raw_profit=2451660.4 loss=0.36050 eps=0.097 buf=10950 updates=10151
[eval  ep 030] greedy_profit=2511627.8 ± 32938.2 (n=2, days=365)
[train ep 035/40] algo=dueling steps=365 return=251.230 raw_profit=2512301.5 loss=0.45556 eps=0.010 buf=12775 updates=11976
[eval  ep 035] greedy_profit=2489497.2 ± 41842.1 (n=2, days=365)
[train ep 040/40] algo=dueling steps=365 return=254.939 raw_profit=2549394.6 loss=0.61491 eps=0.010 buf=14600 updates=13801
[eval  ep 040] greedy_profit=2510600.8 ± 39397.7 (n=2, days=365)
saved best checkpoint → /Users/oliverhuang/Desktop/2026_furp_零售/logs/checkpoints/suite_ab/A_transport_only_harsh_mild_dueling_no_ws_best.pt (profit=2518954.6)
[dueling/no_ws] best_eval=2518954.612499998 (15s)
  EVAL dueling/no_ws: 2519838.0 ± 18172.4 (Δrule=-28554, Δbest=+5017)

=== TRAIN transport_only_harsh_mild | dueling/ws ===
[train] state_encoder=raw dim=94 action_space=coarse n_actions=18 algo=dueling forbid_expedite=True
[warmstart] collecting 15 rule episodes (forbid_expedite=True) ...
[warmstart rule ep 001/15] raw_profit=2536544.4 buf=365
[warmstart rule ep 002/15] raw_profit=2560234.4 buf=730
[warmstart rule ep 003/15] raw_profit=2550039.3 buf=1095
[warmstart rule ep 004/15] raw_profit=2516877.6 buf=1460
[warmstart rule ep 005/15] raw_profit=2549665.0 buf=1825
[warmstart rule ep 006/15] raw_profit=2548617.9 buf=2190
[warmstart rule ep 007/15] raw_profit=2549772.3 buf=2555
[warmstart rule ep 008/15] raw_profit=2558400.3 buf=2920
[warmstart rule ep 009/15] raw_profit=2544651.3 buf=3285
[warmstart rule ep 010/15] raw_profit=2525492.3 buf=3650
[warmstart rule ep 011/15] raw_profit=2562857.3 buf=4015
[warmstart rule ep 012/15] raw_profit=2569360.2 buf=4380
[warmstart rule ep 013/15] raw_profit=2468874.2 buf=4745
[warmstart rule ep 014/15] raw_profit=2525935.5 buf=5110
[warmstart rule ep 015/15] raw_profit=2550589.6 buf=5475
[warmstart] behavioral cloning 1500 updates ...
[warmstart BC 0001/1500] loss=3.1196
[warmstart BC 0300/1500] loss=0.0006
[warmstart BC 0600/1500] loss=0.0001
[warmstart BC 0900/1500] loss=0.0000
[warmstart BC 1200/1500] loss=0.0001
[warmstart BC 1500/1500] loss=0.0000
[warmstart] pre-RL greedy eval profit=2518636.9 ± 36784.3
[train ep 005/40] algo=dueling steps=365 return=247.524 raw_profit=2475242.8 loss=103979.57361 eps=0.165 buf=7300 updates=2325
[eval  ep 005] greedy_profit=2515380.5 ± 33078.7 (n=2, days=365)
[train ep 010/40] algo=dueling steps=365 return=251.898 raw_profit=2518983.8 loss=64945.15695 eps=0.131 buf=9125 updates=4150
[eval  ep 010] greedy_profit=2515972.7 ± 39049.2 (n=2, days=365)
[train ep 015/40] algo=dueling steps=365 return=244.979 raw_profit=2449785.9 loss=60392.75795 eps=0.096 buf=10950 updates=5975
[eval  ep 015] greedy_profit=2510220.2 ± 33315.0 (n=2, days=365)
[train ep 020/40] algo=dueling steps=365 return=250.389 raw_profit=2503889.3 loss=45262.57306 eps=0.061 buf=12775 updates=7800
[eval  ep 020] greedy_profit=2495738.3 ± 40231.5 (n=2, days=365)
[train ep 025/40] algo=dueling steps=365 return=254.111 raw_profit=2541112.8 loss=37908.62821 eps=0.027 buf=14600 updates=9625
[eval  ep 025] greedy_profit=2509297.7 ± 47761.8 (n=2, days=365)
[train ep 030/40] algo=dueling steps=365 return=245.812 raw_profit=2458120.8 loss=41081.46477 eps=0.010 buf=16425 updates=11450
[eval  ep 030] greedy_profit=2507780.1 ± 39893.6 (n=2, days=365)
[train ep 035/40] algo=dueling steps=365 return=252.174 raw_profit=2521741.5 loss=37368.18099 eps=0.010 buf=18250 updates=13275
[eval  ep 035] greedy_profit=2512134.0 ± 35137.5 (n=2, days=365)
[train ep 040/40] algo=dueling steps=365 return=254.772 raw_profit=2547724.1 loss=31532.47151 eps=0.010 buf=20075 updates=15100
[eval  ep 040] greedy_profit=2499389.7 ± 27007.2 (n=2, days=365)
saved best checkpoint → /Users/oliverhuang/Desktop/2026_furp_零售/logs/checkpoints/suite_ab/A_transport_only_harsh_mild_dueling_ws_best.pt (profit=2518636.9)
[dueling/ws] best_eval=2518636.899999998 (34s)
  EVAL dueling/ws: 2530813.1 ± 23950.8 (Δrule=-17579, Δbest=+15992)

=== TRAIN transport_only_harsh_mild | d3qn/no_ws ===
[train] state_encoder=raw dim=94 action_space=coarse n_actions=18 algo=d3qn forbid_expedite=True
[train ep 005/40] algo=d3qn steps=365 return=245.516 raw_profit=2455162.9 loss=0.08565 eps=0.849 buf=1825 updates=1026
[eval  ep 005] greedy_profit=2507353.2 ± 30425.5 (n=2, days=365)
[train ep 010/40] algo=d3qn steps=365 return=251.727 raw_profit=2517267.8 loss=0.07233 eps=0.699 buf=3650 updates=2851
[eval  ep 010] greedy_profit=2503636.9 ± 22564.8 (n=2, days=365)
[train ep 015/40] algo=d3qn steps=365 return=249.112 raw_profit=2491122.9 loss=0.11428 eps=0.548 buf=5475 updates=4676
[eval  ep 015] greedy_profit=2522242.5 ± 27444.5 (n=2, days=365)
[train ep 020/40] algo=d3qn steps=365 return=246.533 raw_profit=2465330.3 loss=0.18000 eps=0.398 buf=7300 updates=6501
[eval  ep 020] greedy_profit=2496891.6 ± 44157.7 (n=2, days=365)
[train ep 025/40] algo=d3qn steps=365 return=255.997 raw_profit=2559972.3 loss=0.33267 eps=0.247 buf=9125 updates=8326
[eval  ep 025] greedy_profit=2516834.3 ± 29345.7 (n=2, days=365)
[train ep 030/40] algo=d3qn steps=365 return=247.648 raw_profit=2476475.5 loss=0.33608 eps=0.097 buf=10950 updates=10151
[eval  ep 030] greedy_profit=2502995.1 ± 34713.5 (n=2, days=365)
[train ep 035/40] algo=d3qn steps=365 return=251.223 raw_profit=2512226.3 loss=0.42120 eps=0.010 buf=12775 updates=11976
[eval  ep 035] greedy_profit=2496156.9 ± 30253.9 (n=2, days=365)
[train ep 040/40] algo=d3qn steps=365 return=254.044 raw_profit=2540436.9 loss=0.55779 eps=0.010 buf=14600 updates=13801
[eval  ep 040] greedy_profit=2501807.7 ± 35271.1 (n=2, days=365)
saved best checkpoint → /Users/oliverhuang/Desktop/2026_furp_零售/logs/checkpoints/suite_ab/A_transport_only_harsh_mild_d3qn_no_ws_best.pt (profit=2522242.5)
[d3qn/no_ws] best_eval=2522242.5125000016 (15s)
  EVAL d3qn/no_ws: 2528336.3 ± 17059.1 (Δrule=-20056, Δbest=+13515)

=== TRAIN transport_only_harsh_mild | d3qn/ws ===
[train] state_encoder=raw dim=94 action_space=coarse n_actions=18 algo=d3qn forbid_expedite=True
[warmstart] collecting 15 rule episodes (forbid_expedite=True) ...
[warmstart rule ep 001/15] raw_profit=2536544.4 buf=365
[warmstart rule ep 002/15] raw_profit=2560234.4 buf=730
[warmstart rule ep 003/15] raw_profit=2550039.3 buf=1095
[warmstart rule ep 004/15] raw_profit=2516877.6 buf=1460
[warmstart rule ep 005/15] raw_profit=2549665.0 buf=1825
[warmstart rule ep 006/15] raw_profit=2548617.9 buf=2190
[warmstart rule ep 007/15] raw_profit=2549772.3 buf=2555
[warmstart rule ep 008/15] raw_profit=2558400.3 buf=2920
[warmstart rule ep 009/15] raw_profit=2544651.3 buf=3285
[warmstart rule ep 010/15] raw_profit=2525492.3 buf=3650
[warmstart rule ep 011/15] raw_profit=2562857.3 buf=4015
[warmstart rule ep 012/15] raw_profit=2569360.2 buf=4380
[warmstart rule ep 013/15] raw_profit=2468874.2 buf=4745
[warmstart rule ep 014/15] raw_profit=2525935.5 buf=5110
[warmstart rule ep 015/15] raw_profit=2550589.6 buf=5475
[warmstart] behavioral cloning 1500 updates ...
[warmstart BC 0001/1500] loss=3.1196
[warmstart BC 0300/1500] loss=0.0006
[warmstart BC 0600/1500] loss=0.0001
[warmstart BC 0900/1500] loss=0.0000
[warmstart BC 1200/1500] loss=0.0001
[warmstart BC 1500/1500] loss=0.0000
[warmstart] pre-RL greedy eval profit=2518636.9 ± 36784.3
[train ep 005/40] algo=d3qn steps=365 return=248.134 raw_profit=2481337.8 loss=104002.11976 eps=0.165 buf=7300 updates=2325
[eval  ep 005] greedy_profit=2515784.6 ± 33650.2 (n=2, days=365)
[train ep 010/40] algo=d3qn steps=365 return=252.539 raw_profit=2525389.4 loss=65447.21090 eps=0.131 buf=9125 updates=4150
[eval  ep 010] greedy_profit=2503459.4 ± 33953.1 (n=2, days=365)
[train ep 015/40] algo=d3qn steps=365 return=244.476 raw_profit=2444755.4 loss=59948.11171 eps=0.096 buf=10950 updates=5975
[eval  ep 015] greedy_profit=2516582.6 ± 28960.0 (n=2, days=365)
[train ep 020/40] algo=d3qn steps=365 return=249.216 raw_profit=2492161.4 loss=44886.33322 eps=0.061 buf=12775 updates=7800
[eval  ep 020] greedy_profit=2508153.6 ± 31823.7 (n=2, days=365)
[train ep 025/40] algo=d3qn steps=365 return=254.159 raw_profit=2541594.9 loss=38357.65215 eps=0.027 buf=14600 updates=9625
[eval  ep 025] greedy_profit=2511097.9 ± 40948.9 (n=2, days=365)
[train ep 030/40] algo=d3qn steps=365 return=247.306 raw_profit=2473057.8 loss=42230.98632 eps=0.010 buf=16425 updates=11450
[eval  ep 030] greedy_profit=2506307.1 ± 31769.7 (n=2, days=365)
[train ep 035/40] algo=d3qn steps=365 return=251.351 raw_profit=2513509.5 loss=37480.51570 eps=0.010 buf=18250 updates=13275
[eval  ep 035] greedy_profit=2523782.8 ± 32250.9 (n=2, days=365)
[train ep 040/40] algo=d3qn steps=365 return=254.957 raw_profit=2549566.0 loss=31211.58694 eps=0.010 buf=20075 updates=15100
[eval  ep 040] greedy_profit=2514325.8 ± 26043.9 (n=2, days=365)
saved best checkpoint → /Users/oliverhuang/Desktop/2026_furp_零售/logs/checkpoints/suite_ab/A_transport_only_harsh_mild_d3qn_ws_best.pt (profit=2523782.8)
[d3qn/ws] best_eval=2523782.7874999996 (20s)
  EVAL d3qn/ws: 2527876.8 ± 21778.6 (Δrule=-20515, Δbest=+13055)

=== TRAIN transport_only_harsh_mild | ppo/no_ws ===
[train PPO] encoder=raw dim=94 n_actions=18 forbid_e1=True
[train PPO ep 001/40] raw_profit=2534362.6 loss=59.9418
[train PPO ep 005/40] raw_profit=2485984.2 loss=48.8388
[eval  PPO ep 005] greedy_profit=2518636.9 ± 36784.3
[train PPO ep 010/40] raw_profit=2516765.0 loss=31.3667
[eval  PPO ep 010] greedy_profit=2518636.9 ± 36784.3
[train PPO ep 015/40] raw_profit=2464468.6 loss=40.7053
[eval  PPO ep 015] greedy_profit=2518636.9 ± 36784.3
[train PPO ep 020/40] raw_profit=2491468.3 loss=50.5816
[eval  PPO ep 020] greedy_profit=2518636.9 ± 36784.3
[train PPO ep 025/40] raw_profit=2552172.6 loss=39.2132
[eval  PPO ep 025] greedy_profit=2518636.9 ± 36784.3
[train PPO ep 030/40] raw_profit=2476086.5 loss=45.5957
[eval  PPO ep 030] greedy_profit=2520225.0 ± 34480.3
[train PPO ep 035/40] raw_profit=2505846.4 loss=40.0558
[eval  PPO ep 035] greedy_profit=2520225.0 ± 34480.3
[train PPO ep 040/40] raw_profit=2535799.4 loss=32.1499
[eval  PPO ep 040] greedy_profit=2505936.8 ± 36352.4
saved best checkpoint → /Users/oliverhuang/Desktop/2026_furp_零售/logs/checkpoints/suite_ab/A_transport_only_harsh_mild_ppo_no_ws_best.pt (profit=2520225.0)
[ppo/no_ws] best_eval=2520225.0499999975 (8s)
  EVAL ppo/no_ws: 2530596.9 ± 23345.1 (Δrule=-17795, Δbest=+15775)

=== TRAIN transport_only_harsh_mild | ppo/ws ===
[train PPO] encoder=raw dim=94 n_actions=18 forbid_e1=True
[warmstart] collecting 15 rule episodes ...
[warmstart PPO-BC 0001/1500] loss=2.2042
[warmstart PPO-BC 0300/1500] loss=0.0009
[warmstart PPO-BC 0600/1500] loss=0.0000
[warmstart PPO-BC 0900/1500] loss=0.0000
[warmstart PPO-BC 1200/1500] loss=0.0000
[warmstart PPO-BC 1500/1500] loss=0.0000
[warmstart] pre-RL greedy eval=2512756.3
[train PPO ep 001/40] raw_profit=2549812.6 loss=43.6564
[train PPO ep 005/40] raw_profit=2491435.4 loss=25.2565
[eval  PPO ep 005] greedy_profit=2512756.3 ± 33119.0
[train PPO ep 010/40] raw_profit=2533834.2 loss=46.1004
[eval  PPO ep 010] greedy_profit=2512756.3 ± 33119.0
[train PPO ep 015/40] raw_profit=2491918.8 loss=58.0415
[eval  PPO ep 015] greedy_profit=2512409.8 ± 32680.7
[train PPO ep 020/40] raw_profit=2507835.4 loss=49.5288
[eval  PPO ep 020] greedy_profit=2512964.1 ± 32862.9
[train PPO ep 025/40] raw_profit=2547618.3 loss=38.1160
[eval  PPO ep 025] greedy_profit=2513531.9 ± 40362.9
[train PPO ep 030/40] raw_profit=2511864.7 loss=43.3719
[eval  PPO ep 030] greedy_profit=2512409.8 ± 32680.7
[train PPO ep 035/40] raw_profit=2566157.7 loss=36.0792
[eval  PPO ep 035] greedy_profit=2512368.9 ± 32738.4
[train PPO ep 040/40] raw_profit=2555998.7 loss=31.7118
[eval  PPO ep 040] greedy_profit=2514542.4 ± 29182.4
saved best checkpoint → /Users/oliverhuang/Desktop/2026_furp_零售/logs/checkpoints/suite_ab/A_transport_only_harsh_mild_ppo_ws_best.pt (profit=2514542.4)
[ppo/ws] best_eval=2514542.400000002 (11s)
  EVAL ppo/ws: 2544492.8 ± 22270.8 (Δrule=-3899, Δbest=+29671)

######## A/transport_only_harsh_strong mode=transport_only profile=harsh_strong fixed=(None,None) H=30+365 n_rep=10 ########
--- baselines ---
  baseline fixed_0_(s,S): 2411069.5 ± 64456.5
  baseline best_fixed_12: 2447379.1 ± 52970.8
  baseline rule_based: 2458843.4 ± 58380.1

=== TRAIN transport_only_harsh_strong | dqn/no_ws ===
[train] state_encoder=raw dim=94 action_space=coarse n_actions=18 algo=dqn forbid_expedite=True
[train ep 005/40] algo=dqn steps=365 return=220.991 raw_profit=2209913.1 loss=0.07170 eps=0.849 buf=1825 updates=1026
[eval  ep 005] greedy_profit=2415298.6 ± 18737.5 (n=2, days=365)
[train ep 010/40] algo=dqn steps=365 return=248.307 raw_profit=2483065.3 loss=0.11570 eps=0.699 buf=3650 updates=2851
[eval  ep 010] greedy_profit=2437762.3 ± 22013.3 (n=2, days=365)
[train ep 015/40] algo=dqn steps=365 return=242.920 raw_profit=2429199.3 loss=0.17308 eps=0.548 buf=5475 updates=4676
[eval  ep 015] greedy_profit=2420523.1 ± 368.7 (n=2, days=365)
[train ep 020/40] algo=dqn steps=365 return=243.339 raw_profit=2433391.0 loss=0.29570 eps=0.398 buf=7300 updates=6501
[eval  ep 020] greedy_profit=2426401.3 ± 11101.2 (n=2, days=365)
[train ep 025/40] algo=dqn steps=365 return=251.076 raw_profit=2510757.2 loss=0.49707 eps=0.247 buf=9125 updates=8326
[eval  ep 025] greedy_profit=2418220.1 ± 24073.1 (n=2, days=365)
[train ep 030/40] algo=dqn steps=365 return=241.383 raw_profit=2413832.5 loss=0.52647 eps=0.097 buf=10950 updates=10151
[eval  ep 030] greedy_profit=2401639.4 ± 6371.7 (n=2, days=365)
[train ep 035/40] algo=dqn steps=365 return=244.031 raw_profit=2440313.8 loss=0.64223 eps=0.010 buf=12775 updates=11976
[eval  ep 035] greedy_profit=2419714.8 ± 3967.8 (n=2, days=365)
[train ep 040/40] algo=dqn steps=365 return=235.080 raw_profit=2350802.7 loss=0.92382 eps=0.010 buf=14600 updates=13801
[eval  ep 040] greedy_profit=2426566.2 ± 8277.2 (n=2, days=365)
saved best checkpoint → /Users/oliverhuang/Desktop/2026_furp_零售/logs/checkpoints/suite_ab/A_transport_only_harsh_strong_dqn_no_ws_best.pt (profit=2437762.3)
[dqn/no_ws] best_eval=2437762.3375000004 (13s)
  EVAL dqn/no_ws: 2443340.8 ± 56699.1 (Δrule=-15503, Δbest=-4038)

=== TRAIN transport_only_harsh_strong | dqn/ws ===
[train] state_encoder=raw dim=94 action_space=coarse n_actions=18 algo=dqn forbid_expedite=True
[warmstart] collecting 15 rule episodes (forbid_expedite=True) ...
[warmstart rule ep 001/15] raw_profit=2351451.0 buf=365
[warmstart rule ep 002/15] raw_profit=2453763.4 buf=730
[warmstart rule ep 003/15] raw_profit=2397334.5 buf=1095
[warmstart rule ep 004/15] raw_profit=2490137.4 buf=1460
[warmstart rule ep 005/15] raw_profit=2483063.1 buf=1825
[warmstart rule ep 006/15] raw_profit=2487533.1 buf=2190
[warmstart rule ep 007/15] raw_profit=2473100.5 buf=2555
[warmstart rule ep 008/15] raw_profit=2536602.8 buf=2920
[warmstart rule ep 009/15] raw_profit=2484228.0 buf=3285
[warmstart rule ep 010/15] raw_profit=2444240.1 buf=3650
[warmstart rule ep 011/15] raw_profit=2525235.2 buf=4015
[warmstart rule ep 012/15] raw_profit=2534963.6 buf=4380
[warmstart rule ep 013/15] raw_profit=2231150.2 buf=4745
[warmstart rule ep 014/15] raw_profit=2440297.0 buf=5110
[warmstart rule ep 015/15] raw_profit=2481919.2 buf=5475
[warmstart] behavioral cloning 1500 updates ...
[warmstart BC 0001/1500] loss=3.6795
[warmstart BC 0300/1500] loss=0.0012
[warmstart BC 0600/1500] loss=0.0001
[warmstart BC 0900/1500] loss=0.0001
[warmstart BC 1200/1500] loss=0.0000
[warmstart BC 1500/1500] loss=0.0000
[warmstart] pre-RL greedy eval profit=2430211.5 ± 8819.3
[train ep 005/40] algo=dqn steps=365 return=219.330 raw_profit=2193302.4 loss=2.55917 eps=0.165 buf=7300 updates=2325
[eval  ep 005] greedy_profit=2433668.4 ± 14196.4 (n=2, days=365)
[train ep 010/40] algo=dqn steps=365 return=246.401 raw_profit=2464006.3 loss=1.99641 eps=0.131 buf=9125 updates=4150
[eval  ep 010] greedy_profit=2426558.5 ± 15608.8 (n=2, days=365)
[train ep 015/40] algo=dqn steps=365 return=246.151 raw_profit=2461514.2 loss=2.16469 eps=0.096 buf=10950 updates=5975
[eval  ep 015] greedy_profit=2424612.8 ± 119.6 (n=2, days=365)
[train ep 020/40] algo=dqn steps=365 return=240.694 raw_profit=2406941.2 loss=2.12195 eps=0.061 buf=12775 updates=7800
[eval  ep 020] greedy_profit=2432521.1 ± 25351.1 (n=2, days=365)
[train ep 025/40] algo=dqn steps=365 return=253.794 raw_profit=2537943.7 loss=2.17404 eps=0.027 buf=14600 updates=9625
[eval  ep 025] greedy_profit=2439266.2 ± 14702.0 (n=2, days=365)
[train ep 030/40] algo=dqn steps=365 return=243.988 raw_profit=2439880.4 loss=2.82024 eps=0.010 buf=16425 updates=11450
[eval  ep 030] greedy_profit=2429205.2 ± 27715.4 (n=2, days=365)
[train ep 035/40] algo=dqn steps=365 return=244.290 raw_profit=2442899.1 loss=3.03385 eps=0.010 buf=18250 updates=13275
[eval  ep 035] greedy_profit=2423974.9 ± 27543.8 (n=2, days=365)
[train ep 040/40] algo=dqn steps=365 return=240.606 raw_profit=2406062.9 loss=3.03898 eps=0.010 buf=20075 updates=15100
[eval  ep 040] greedy_profit=2435355.7 ± 18470.7 (n=2, days=365)
saved best checkpoint → /Users/oliverhuang/Desktop/2026_furp_零售/logs/checkpoints/suite_ab/A_transport_only_harsh_strong_dqn_ws_best.pt (profit=2439266.2)
[dqn/ws] best_eval=2439266.1875 (16s)
  EVAL dqn/ws: 2448308.1 ± 55233.8 (Δrule=-10535, Δbest=+929)

=== TRAIN transport_only_harsh_strong | ddqn/no_ws ===
[train] state_encoder=raw dim=94 action_space=coarse n_actions=18 algo=ddqn forbid_expedite=True
[train ep 005/40] algo=ddqn steps=365 return=221.189 raw_profit=2211893.7 loss=0.07064 eps=0.849 buf=1825 updates=1026
[eval  ep 005] greedy_profit=2426871.9 ± 25168.3 (n=2, days=365)
[train ep 010/40] algo=ddqn steps=365 return=248.074 raw_profit=2480741.2 loss=0.09993 eps=0.699 buf=3650 updates=2851
[eval  ep 010] greedy_profit=2421046.7 ± 9451.2 (n=2, days=365)
[train ep 015/40] algo=ddqn steps=365 return=244.248 raw_profit=2442480.6 loss=0.14017 eps=0.548 buf=5475 updates=4676
[eval  ep 015] greedy_profit=2425780.4 ± 16050.8 (n=2, days=365)
[train ep 020/40] algo=ddqn steps=365 return=244.358 raw_profit=2443579.6 loss=0.23004 eps=0.398 buf=7300 updates=6501
[eval  ep 020] greedy_profit=2422713.7 ± 25242.4 (n=2, days=365)
[train ep 025/40] algo=ddqn steps=365 return=252.418 raw_profit=2524176.5 loss=0.39255 eps=0.247 buf=9125 updates=8326
[eval  ep 025] greedy_profit=2415888.0 ± 5826.3 (n=2, days=365)
[train ep 030/40] algo=ddqn steps=365 return=242.179 raw_profit=2421789.8 loss=0.40337 eps=0.097 buf=10950 updates=10151
[eval  ep 030] greedy_profit=2422862.6 ± 34956.2 (n=2, days=365)
[train ep 035/40] algo=ddqn steps=365 return=240.896 raw_profit=2408956.5 loss=0.50982 eps=0.010 buf=12775 updates=11976
[eval  ep 035] greedy_profit=2396711.4 ± 5907.3 (n=2, days=365)
[train ep 040/40] algo=ddqn steps=365 return=239.396 raw_profit=2393961.6 loss=0.69964 eps=0.010 buf=14600 updates=13801
[eval  ep 040] greedy_profit=2397477.1 ± 13168.8 (n=2, days=365)
saved best checkpoint → /Users/oliverhuang/Desktop/2026_furp_零售/logs/checkpoints/suite_ab/A_transport_only_harsh_strong_ddqn_no_ws_best.pt (profit=2426871.9)
[ddqn/no_ws] best_eval=2426871.912500001 (13s)
  EVAL ddqn/no_ws: 2432106.1 ± 59905.0 (Δrule=-26737, Δbest=-15273)

=== TRAIN transport_only_harsh_strong | ddqn/ws ===
[train] state_encoder=raw dim=94 action_space=coarse n_actions=18 algo=ddqn forbid_expedite=True
[warmstart] collecting 15 rule episodes (forbid_expedite=True) ...
[warmstart rule ep 001/15] raw_profit=2351451.0 buf=365
[warmstart rule ep 002/15] raw_profit=2453763.4 buf=730
[warmstart rule ep 003/15] raw_profit=2397334.5 buf=1095
[warmstart rule ep 004/15] raw_profit=2490137.4 buf=1460
[warmstart rule ep 005/15] raw_profit=2483063.1 buf=1825
[warmstart rule ep 006/15] raw_profit=2487533.1 buf=2190
[warmstart rule ep 007/15] raw_profit=2473100.5 buf=2555
[warmstart rule ep 008/15] raw_profit=2536602.8 buf=2920
[warmstart rule ep 009/15] raw_profit=2484228.0 buf=3285
[warmstart rule ep 010/15] raw_profit=2444240.1 buf=3650
[warmstart rule ep 011/15] raw_profit=2525235.2 buf=4015
[warmstart rule ep 012/15] raw_profit=2534963.6 buf=4380
[warmstart rule ep 013/15] raw_profit=2231150.2 buf=4745
[warmstart rule ep 014/15] raw_profit=2440297.0 buf=5110
[warmstart rule ep 015/15] raw_profit=2481919.2 buf=5475
[warmstart] behavioral cloning 1500 updates ...
[warmstart BC 0001/1500] loss=3.6795
[warmstart BC 0300/1500] loss=0.0012
[warmstart BC 0600/1500] loss=0.0001
[warmstart BC 0900/1500] loss=0.0001
[warmstart BC 1200/1500] loss=0.0000
[warmstart BC 1500/1500] loss=0.0000
[warmstart] pre-RL greedy eval profit=2430211.5 ± 8819.3
[train ep 005/40] algo=ddqn steps=365 return=219.270 raw_profit=2192700.8 loss=2.40819 eps=0.165 buf=7300 updates=2325
[eval  ep 005] greedy_profit=2429407.0 ± 1795.1 (n=2, days=365)
[train ep 010/40] algo=ddqn steps=365 return=245.841 raw_profit=2458411.7 loss=1.63311 eps=0.131 buf=9125 updates=4150
[eval  ep 010] greedy_profit=2422339.1 ± 37276.9 (n=2, days=365)
[train ep 015/40] algo=ddqn steps=365 return=249.287 raw_profit=2492865.2 loss=1.58444 eps=0.096 buf=10950 updates=5975
[eval  ep 015] greedy_profit=2424269.7 ± 15918.6 (n=2, days=365)
[train ep 020/40] algo=ddqn steps=365 return=242.708 raw_profit=2427080.4 loss=1.49837 eps=0.061 buf=12775 updates=7800
[eval  ep 020] greedy_profit=2425745.7 ± 13584.2 (n=2, days=365)
[train ep 025/40] algo=ddqn steps=365 return=250.874 raw_profit=2508743.5 loss=1.54989 eps=0.027 buf=14600 updates=9625
[eval  ep 025] greedy_profit=2426201.4 ± 7915.4 (n=2, days=365)
[train ep 030/40] algo=ddqn steps=365 return=243.638 raw_profit=2436383.9 loss=1.99244 eps=0.010 buf=16425 updates=11450
[eval  ep 030] greedy_profit=2420991.2 ± 8705.9 (n=2, days=365)
[train ep 035/40] algo=ddqn steps=365 return=244.760 raw_profit=2447596.1 loss=2.18083 eps=0.010 buf=18250 updates=13275
[eval  ep 035] greedy_profit=2424248.8 ± 17186.7 (n=2, days=365)
[train ep 040/40] algo=ddqn steps=365 return=240.465 raw_profit=2404654.6 loss=2.21504 eps=0.010 buf=20075 updates=15100
[eval  ep 040] greedy_profit=2422446.7 ± 7445.5 (n=2, days=365)
saved best checkpoint → /Users/oliverhuang/Desktop/2026_furp_零售/logs/checkpoints/suite_ab/A_transport_only_harsh_strong_ddqn_ws_best.pt (profit=2430211.5)
[ddqn/ws] best_eval=2430211.45 (17s)
  EVAL ddqn/ws: 2458843.4 ± 58380.1 (Δrule=+0, Δbest=+11464)

=== TRAIN transport_only_harsh_strong | dueling/no_ws ===
[train] state_encoder=raw dim=94 action_space=coarse n_actions=18 algo=dueling forbid_expedite=True
[train ep 005/40] algo=dueling steps=365 return=218.720 raw_profit=2187201.3 loss=0.06915 eps=0.849 buf=1825 updates=1026
[eval  ep 005] greedy_profit=2434062.1 ± 325.6 (n=2, days=365)
[train ep 010/40] algo=dueling steps=365 return=247.014 raw_profit=2470144.5 loss=0.09712 eps=0.699 buf=3650 updates=2851
[eval  ep 010] greedy_profit=2414496.2 ± 1708.2 (n=2, days=365)
[train ep 015/40] algo=dueling steps=365 return=243.054 raw_profit=2430539.3 loss=0.15640 eps=0.548 buf=5475 updates=4676
[eval  ep 015] greedy_profit=2423821.3 ± 21262.3 (n=2, days=365)
[train ep 020/40] algo=dueling steps=365 return=242.378 raw_profit=2423782.9 loss=0.24112 eps=0.398 buf=7300 updates=6501
[eval  ep 020] greedy_profit=2421033.9 ± 12030.3 (n=2, days=365)
[train ep 025/40] algo=dueling steps=365 return=253.569 raw_profit=2535690.7 loss=0.40382 eps=0.247 buf=9125 updates=8326
[eval  ep 025] greedy_profit=2431635.1 ± 2742.1 (n=2, days=365)
[train ep 030/40] algo=dueling steps=365 return=240.884 raw_profit=2408836.4 loss=0.44832 eps=0.097 buf=10950 updates=10151
[eval  ep 030] greedy_profit=2424353.7 ± 22994.6 (n=2, days=365)
[train ep 035/40] algo=dueling steps=365 return=245.141 raw_profit=2451406.5 loss=0.56964 eps=0.010 buf=12775 updates=11976
[eval  ep 035] greedy_profit=2407892.0 ± 34028.6 (n=2, days=365)
[train ep 040/40] algo=dueling steps=365 return=237.447 raw_profit=2374469.8 loss=0.79877 eps=0.010 buf=14600 updates=13801
[eval  ep 040] greedy_profit=2426351.6 ± 58196.1 (n=2, days=365)
saved best checkpoint → /Users/oliverhuang/Desktop/2026_furp_零售/logs/checkpoints/suite_ab/A_transport_only_harsh_strong_dueling_no_ws_best.pt (profit=2434062.1)
[dueling/no_ws] best_eval=2434062.1000000015 (15s)
  EVAL dueling/no_ws: 2441077.2 ± 56929.4 (Δrule=-17766, Δbest=-6302)

=== TRAIN transport_only_harsh_strong | dueling/ws ===
[train] state_encoder=raw dim=94 action_space=coarse n_actions=18 algo=dueling forbid_expedite=True
[warmstart] collecting 15 rule episodes (forbid_expedite=True) ...
[warmstart rule ep 001/15] raw_profit=2351451.0 buf=365
[warmstart rule ep 002/15] raw_profit=2453763.4 buf=730
[warmstart rule ep 003/15] raw_profit=2397334.5 buf=1095
[warmstart rule ep 004/15] raw_profit=2490137.4 buf=1460
[warmstart rule ep 005/15] raw_profit=2483063.1 buf=1825
[warmstart rule ep 006/15] raw_profit=2487533.1 buf=2190
[warmstart rule ep 007/15] raw_profit=2473100.5 buf=2555
[warmstart rule ep 008/15] raw_profit=2536602.8 buf=2920
[warmstart rule ep 009/15] raw_profit=2484228.0 buf=3285
[warmstart rule ep 010/15] raw_profit=2444240.1 buf=3650
[warmstart rule ep 011/15] raw_profit=2525235.2 buf=4015
[warmstart rule ep 012/15] raw_profit=2534963.6 buf=4380
[warmstart rule ep 013/15] raw_profit=2231150.2 buf=4745
[warmstart rule ep 014/15] raw_profit=2440297.0 buf=5110
[warmstart rule ep 015/15] raw_profit=2481919.2 buf=5475
[warmstart] behavioral cloning 1500 updates ...
[warmstart BC 0001/1500] loss=2.8672
[warmstart BC 0300/1500] loss=0.0004
[warmstart BC 0600/1500] loss=0.0001
[warmstart BC 0900/1500] loss=0.0000
[warmstart BC 1200/1500] loss=0.0000
[warmstart BC 1500/1500] loss=0.0000
[warmstart] pre-RL greedy eval profit=2411977.9 ± 2200.2
[train ep 005/40] algo=dueling steps=365 return=217.380 raw_profit=2173804.3 loss=17316.91738 eps=0.165 buf=7300 updates=2325
[eval  ep 005] greedy_profit=2405039.7 ± 3220.3 (n=2, days=365)
[train ep 010/40] algo=dueling steps=365 return=244.282 raw_profit=2442817.2 loss=8409.88128 eps=0.131 buf=9125 updates=4150
[eval  ep 010] greedy_profit=2411688.1 ± 17419.8 (n=2, days=365)
[train ep 015/40] algo=dueling steps=365 return=239.199 raw_profit=2391992.7 loss=5794.26054 eps=0.096 buf=10950 updates=5975
[eval  ep 015] greedy_profit=2397691.4 ± 24267.8 (n=2, days=365)
[train ep 020/40] algo=dueling steps=365 return=242.496 raw_profit=2424960.4 loss=4521.57997 eps=0.061 buf=12775 updates=7800
[eval  ep 020] greedy_profit=2413638.8 ± 43925.7 (n=2, days=365)
[train ep 025/40] algo=dueling steps=365 return=252.117 raw_profit=2521167.6 loss=3787.64385 eps=0.027 buf=14600 updates=9625
[eval  ep 025] greedy_profit=2419300.8 ± 8710.0 (n=2, days=365)
[train ep 030/40] algo=dueling steps=365 return=242.644 raw_profit=2426438.4 loss=3946.95712 eps=0.010 buf=16425 updates=11450
[eval  ep 030] greedy_profit=2399146.7 ± 42258.0 (n=2, days=365)
[train ep 035/40] algo=dueling steps=365 return=245.503 raw_profit=2455025.4 loss=3607.73726 eps=0.010 buf=18250 updates=13275
[eval  ep 035] greedy_profit=2397990.5 ± 9473.5 (n=2, days=365)
[train ep 040/40] algo=dueling steps=365 return=239.817 raw_profit=2398168.1 loss=2954.29541 eps=0.010 buf=20075 updates=15100
[eval  ep 040] greedy_profit=2419763.8 ± 30036.7 (n=2, days=365)
saved best checkpoint → /Users/oliverhuang/Desktop/2026_furp_零售/logs/checkpoints/suite_ab/A_transport_only_harsh_strong_dueling_ws_best.pt (profit=2419763.8)
[dueling/ws] best_eval=2419763.787500001 (20s)
  EVAL dueling/ws: 2429122.3 ± 59781.9 (Δrule=-29721, Δbest=-18257)

=== TRAIN transport_only_harsh_strong | d3qn/no_ws ===
[train] state_encoder=raw dim=94 action_space=coarse n_actions=18 algo=d3qn forbid_expedite=True
[train ep 005/40] algo=d3qn steps=365 return=218.729 raw_profit=2187289.6 loss=0.10091 eps=0.849 buf=1825 updates=1026
[eval  ep 005] greedy_profit=2406586.3 ± 17894.7 (n=2, days=365)
[train ep 010/40] algo=d3qn steps=365 return=247.190 raw_profit=2471904.1 loss=0.08096 eps=0.699 buf=3650 updates=2851
[eval  ep 010] greedy_profit=2406609.2 ± 21883.6 (n=2, days=365)
[train ep 015/40] algo=d3qn steps=365 return=242.544 raw_profit=2425441.1 loss=0.11322 eps=0.548 buf=5475 updates=4676
[eval  ep 015] greedy_profit=2455887.6 ± 15753.4 (n=2, days=365)
[train ep 020/40] algo=d3qn steps=365 return=242.915 raw_profit=2429147.9 loss=0.17695 eps=0.398 buf=7300 updates=6501
[eval  ep 020] greedy_profit=2428838.3 ± 7895.3 (n=2, days=365)
[train ep 025/40] algo=d3qn steps=365 return=248.005 raw_profit=2480048.4 loss=0.28984 eps=0.247 buf=9125 updates=8326
[eval  ep 025] greedy_profit=2422444.2 ± 13784.4 (n=2, days=365)
[train ep 030/40] algo=d3qn steps=365 return=241.912 raw_profit=2419122.2 loss=0.33655 eps=0.097 buf=10950 updates=10151
[eval  ep 030] greedy_profit=2412984.0 ± 44884.9 (n=2, days=365)
[train ep 035/40] algo=d3qn steps=365 return=242.538 raw_profit=2425375.3 loss=0.42949 eps=0.010 buf=12775 updates=11976
[eval  ep 035] greedy_profit=2427580.5 ± 13282.6 (n=2, days=365)
[train ep 040/40] algo=d3qn steps=365 return=238.934 raw_profit=2389340.6 loss=0.56556 eps=0.010 buf=14600 updates=13801
[eval  ep 040] greedy_profit=2412840.8 ± 13593.8 (n=2, days=365)
saved best checkpoint → /Users/oliverhuang/Desktop/2026_furp_零售/logs/checkpoints/suite_ab/A_transport_only_harsh_strong_d3qn_no_ws_best.pt (profit=2455887.6)
[d3qn/no_ws] best_eval=2455887.625000001 (18s)
  EVAL d3qn/no_ws: 2439869.7 ± 57269.9 (Δrule=-18974, Δbest=-7509)

=== TRAIN transport_only_harsh_strong | d3qn/ws ===
[train] state_encoder=raw dim=94 action_space=coarse n_actions=18 algo=d3qn forbid_expedite=True
[warmstart] collecting 15 rule episodes (forbid_expedite=True) ...
[warmstart rule ep 001/15] raw_profit=2351451.0 buf=365
[warmstart rule ep 002/15] raw_profit=2453763.4 buf=730
[warmstart rule ep 003/15] raw_profit=2397334.5 buf=1095
[warmstart rule ep 004/15] raw_profit=2490137.4 buf=1460
[warmstart rule ep 005/15] raw_profit=2483063.1 buf=1825
[warmstart rule ep 006/15] raw_profit=2487533.1 buf=2190
[warmstart rule ep 007/15] raw_profit=2473100.5 buf=2555
[warmstart rule ep 008/15] raw_profit=2536602.8 buf=2920
[warmstart rule ep 009/15] raw_profit=2484228.0 buf=3285
[warmstart rule ep 010/15] raw_profit=2444240.1 buf=3650
[warmstart rule ep 011/15] raw_profit=2525235.2 buf=4015
[warmstart rule ep 012/15] raw_profit=2534963.6 buf=4380
[warmstart rule ep 013/15] raw_profit=2231150.2 buf=4745
[warmstart rule ep 014/15] raw_profit=2440297.0 buf=5110
[warmstart rule ep 015/15] raw_profit=2481919.2 buf=5475
[warmstart] behavioral cloning 1500 updates ...
[warmstart BC 0001/1500] loss=2.8672
[warmstart BC 0300/1500] loss=0.0004
[warmstart BC 0600/1500] loss=0.0001
[warmstart BC 0900/1500] loss=0.0000
[warmstart BC 1200/1500] loss=0.0000
[warmstart BC 1500/1500] loss=0.0000
[warmstart] pre-RL greedy eval profit=2411977.9 ± 2200.2
[train ep 005/40] algo=d3qn steps=365 return=216.193 raw_profit=2161934.2 loss=17186.99324 eps=0.165 buf=7300 updates=2325
[eval  ep 005] greedy_profit=2405409.8 ± 4021.6 (n=2, days=365)
[train ep 010/40] algo=d3qn steps=365 return=246.099 raw_profit=2460985.2 loss=8340.38034 eps=0.131 buf=9125 updates=4150
[eval  ep 010] greedy_profit=2410725.7 ± 3342.7 (n=2, days=365)
[train ep 015/40] algo=d3qn steps=365 return=242.120 raw_profit=2421200.6 loss=5967.42852 eps=0.096 buf=10950 updates=5975
[eval  ep 015] greedy_profit=2426264.0 ± 385.2 (n=2, days=365)
[train ep 020/40] algo=d3qn steps=365 return=240.085 raw_profit=2400847.7 loss=4447.06571 eps=0.061 buf=12775 updates=7800
[eval  ep 020] greedy_profit=2428614.8 ± 6406.7 (n=2, days=365)
[train ep 025/40] algo=d3qn steps=365 return=252.178 raw_profit=2521775.6 loss=3771.13224 eps=0.027 buf=14600 updates=9625
[eval  ep 025] greedy_profit=2422158.8 ± 16279.7 (n=2, days=365)
[train ep 030/40] algo=d3qn steps=365 return=244.182 raw_profit=2441816.6 loss=3912.85219 eps=0.010 buf=16425 updates=11450
[eval  ep 030] greedy_profit=2427738.4 ± 5198.5 (n=2, days=365)
[train ep 035/40] algo=d3qn steps=365 return=244.240 raw_profit=2442398.6 loss=3522.55725 eps=0.010 buf=18250 updates=13275
[eval  ep 035] greedy_profit=2409590.3 ± 18717.8 (n=2, days=365)
[train ep 040/40] algo=d3qn steps=365 return=238.715 raw_profit=2387145.5 loss=2880.06941 eps=0.010 buf=20075 updates=15100
[eval  ep 040] greedy_profit=2410658.4 ± 8460.3 (n=2, days=365)
saved best checkpoint → /Users/oliverhuang/Desktop/2026_furp_零售/logs/checkpoints/suite_ab/A_transport_only_harsh_strong_d3qn_ws_best.pt (profit=2428614.8)
[d3qn/ws] best_eval=2428614.7875000006 (21s)
  EVAL d3qn/ws: 2434134.8 ± 63126.1 (Δrule=-24709, Δbest=-13244)

=== TRAIN transport_only_harsh_strong | ppo/no_ws ===
[train PPO] encoder=raw dim=94 n_actions=18 forbid_e1=True
[train PPO ep 001/40] raw_profit=2487360.9 loss=57.9154
[train PPO ep 005/40] raw_profit=2173652.0 loss=40.8467
[eval  PPO ep 005] greedy_profit=2423836.2 ± 6861.2
[train PPO ep 010/40] raw_profit=2467830.3 loss=30.5534
[eval  PPO ep 010] greedy_profit=2394688.4 ± 215.6
[train PPO ep 015/40] raw_profit=2412978.5 loss=44.6090
[eval  PPO ep 015] greedy_profit=2407299.3 ± 8110.6
[train PPO ep 020/40] raw_profit=2426320.6 loss=52.6947
[eval  PPO ep 020] greedy_profit=2410632.0 ± 296.8
[train PPO ep 025/40] raw_profit=2535481.8 loss=37.8852
[eval  PPO ep 025] greedy_profit=2423836.2 ± 6861.2
[train PPO ep 030/40] raw_profit=2429095.9 loss=42.0001
[eval  PPO ep 030] greedy_profit=2416914.0 ± 2847.6
[train PPO ep 035/40] raw_profit=2457104.4 loss=35.9246
[eval  PPO ep 035] greedy_profit=2423836.2 ± 6861.2
[train PPO ep 040/40] raw_profit=2412811.9 loss=33.0538
[eval  PPO ep 040] greedy_profit=2423998.7 ± 7091.0
saved best checkpoint → /Users/oliverhuang/Desktop/2026_furp_零售/logs/checkpoints/suite_ab/A_transport_only_harsh_strong_ppo_no_ws_best.pt (profit=2423998.7)
[ppo/no_ws] best_eval=2423998.7125 (9s)
  EVAL ppo/no_ws: 2435482.7 ± 68752.3 (Δrule=-23361, Δbest=-11896)

=== TRAIN transport_only_harsh_strong | ppo/ws ===
[train PPO] encoder=raw dim=94 n_actions=18 forbid_e1=True
[warmstart] collecting 15 rule episodes ...
[warmstart PPO-BC 0001/1500] loss=2.2022
[warmstart PPO-BC 0300/1500] loss=0.0005
[warmstart PPO-BC 0600/1500] loss=0.0000
[warmstart PPO-BC 0900/1500] loss=0.0000
[warmstart PPO-BC 1200/1500] loss=0.0000
[warmstart PPO-BC 1500/1500] loss=0.0000
[warmstart] pre-RL greedy eval=2430211.5
[train PPO ep 001/40] raw_profit=2497963.4 loss=39.8357
[train PPO ep 005/40] raw_profit=2223784.1 loss=30.3052
[eval  PPO ep 005] greedy_profit=2430211.5 ± 8819.3
[train PPO ep 010/40] raw_profit=2491518.5 loss=50.6241
[eval  PPO ep 010] greedy_profit=2433313.4 ± 11107.7
[train PPO ep 015/40] raw_profit=2437126.0 loss=55.8776
[eval  PPO ep 015] greedy_profit=2436642.6 ± 9055.3
[train PPO ep 020/40] raw_profit=2474164.9 loss=43.2111
[eval  PPO ep 020] greedy_profit=2439576.8 ± 8943.9
[train PPO ep 025/40] raw_profit=2545774.3 loss=36.4704
[eval  PPO ep 025] greedy_profit=2429841.0 ± 3846.0
[train PPO ep 030/40] raw_profit=2440093.2 loss=41.9025
[eval  PPO ep 030] greedy_profit=2445140.6 ± 17841.7
[train PPO ep 035/40] raw_profit=2462869.4 loss=35.3571
[eval  PPO ep 035] greedy_profit=2424268.1 ± 30616.5
[train PPO ep 040/40] raw_profit=2399153.2 loss=30.2690
[eval  PPO ep 040] greedy_profit=2431960.4 ± 32275.3
saved best checkpoint → /Users/oliverhuang/Desktop/2026_furp_零售/logs/checkpoints/suite_ab/A_transport_only_harsh_strong_ppo_ws_best.pt (profit=2445140.6)
[ppo/ws] best_eval=2445140.5625 (11s)
  EVAL ppo/ws: 2462215.6 ± 55894.4 (Δrule=+3372, Δbest=+14837)

######## A/fixed_U3 mode=none profile=pdf fixed=(0,3) H=15+90 n_rep=10 ########
--- baselines ---
  baseline fixed_0_(s,S): -361014.5 ± 1214.5
  baseline best_fixed_1: -361014.5 ± 1214.5
  baseline rule_based: -361014.5 ± 1214.5

=== TRAIN fixed_U3 | dqn/no_ws ===
[train] state_encoder=raw dim=94 action_space=coarse n_actions=18 algo=dqn forbid_expedite=True
[train ep 005/40] algo=dqn steps=90 return=-36.029 raw_profit=-360292.5 loss=nan eps=0.963 buf=450 updates=0
[eval  ep 005] greedy_profit=-360748.8 ± 4594.4 (n=2, days=90)
[train ep 010/40] algo=dqn steps=90 return=-35.978 raw_profit=-359782.5 loss=0.01589 eps=0.926 buf=900 updates=101
[eval  ep 010] greedy_profit=-360748.8 ± 4594.4 (n=2, days=90)
[train ep 015/40] algo=dqn steps=90 return=-36.270 raw_profit=-362700.0 loss=0.01177 eps=0.889 buf=1350 updates=551
[eval  ep 015] greedy_profit=-360748.8 ± 4594.4 (n=2, days=90)
[train ep 020/40] algo=dqn steps=90 return=-36.059 raw_profit=-360595.0 loss=0.00301 eps=0.852 buf=1800 updates=1001
[eval  ep 020] greedy_profit=-360748.8 ± 4594.4 (n=2, days=90)
[train ep 025/40] algo=dqn steps=90 return=-36.244 raw_profit=-362435.0 loss=0.00134 eps=0.814 buf=2250 updates=1451
[eval  ep 025] greedy_profit=-360748.8 ± 4594.4 (n=2, days=90)
[train ep 030/40] algo=dqn steps=90 return=-35.974 raw_profit=-359742.5 loss=0.00412 eps=0.777 buf=2700 updates=1901
[eval  ep 030] greedy_profit=-360748.8 ± 4594.4 (n=2, days=90)
[train ep 035/40] algo=dqn steps=90 return=-36.288 raw_profit=-362880.0 loss=0.00839 eps=0.740 buf=3150 updates=2351
[eval  ep 035] greedy_profit=-360748.8 ± 4594.4 (n=2, days=90)
[train ep 040/40] algo=dqn steps=90 return=-36.498 raw_profit=-364980.0 loss=0.01889 eps=0.703 buf=3600 updates=2801
[eval  ep 040] greedy_profit=-360748.8 ± 4594.4 (n=2, days=90)
saved best checkpoint → /Users/oliverhuang/Desktop/2026_furp_零售/logs/checkpoints/suite_ab/A_fixed_U3_dqn_no_ws_best.pt (profit=-360748.8)
[dqn/no_ws] best_eval=-360748.75 (3s)
  EVAL dqn/no_ws: -361014.5 ± 1214.5 (Δrule=+0, Δbest=+0)

=== TRAIN fixed_U3 | dqn/ws ===
[train] state_encoder=raw dim=94 action_space=coarse n_actions=18 algo=dqn forbid_expedite=True
[warmstart] collecting 15 rule episodes (forbid_expedite=True) ...
[warmstart rule ep 001/15] raw_profit=-358355.0 buf=90
[warmstart rule ep 002/15] raw_profit=-362780.0 buf=180
[warmstart rule ep 003/15] raw_profit=-356160.0 buf=270
[warmstart rule ep 004/15] raw_profit=-355839.3 buf=360
[warmstart rule ep 005/15] raw_profit=-360695.0 buf=450
[warmstart rule ep 006/15] raw_profit=-358307.5 buf=540
[warmstart rule ep 007/15] raw_profit=-356497.5 buf=630
[warmstart rule ep 008/15] raw_profit=-360460.0 buf=720
[warmstart rule ep 009/15] raw_profit=-357152.5 buf=810
[warmstart rule ep 010/15] raw_profit=-362575.0 buf=900
[warmstart rule ep 011/15] raw_profit=-359835.9 buf=990
[warmstart rule ep 012/15] raw_profit=-358685.9 buf=1080
[warmstart rule ep 013/15] raw_profit=-359025.0 buf=1170
[warmstart rule ep 014/15] raw_profit=-356500.0 buf=1260
[warmstart rule ep 015/15] raw_profit=-362778.4 buf=1350
[warmstart] behavioral cloning 1500 updates ...
[warmstart BC 0001/1500] loss=2.9884
[warmstart BC 0300/1500] loss=0.0000
[warmstart BC 0600/1500] loss=0.0000
[warmstart BC 0900/1500] loss=0.0000
[warmstart BC 1200/1500] loss=0.0000
[warmstart BC 1500/1500] loss=0.0000
[warmstart] pre-RL greedy eval profit=-360748.8 ± 4594.4
[train ep 005/40] algo=dqn steps=90 return=-36.029 raw_profit=-360292.5 loss=3.11091 eps=0.191 buf=1800 updates=950
[eval  ep 005] greedy_profit=-360748.8 ± 4594.4 (n=2, days=90)
[train ep 010/40] algo=dqn steps=90 return=-35.978 raw_profit=-359782.5 loss=2.55297 eps=0.183 buf=2250 updates=1400
[eval  ep 010] greedy_profit=-360748.8 ± 4594.4 (n=2, days=90)
[train ep 015/40] algo=dqn steps=90 return=-36.270 raw_profit=-362700.0 loss=1.86209 eps=0.174 buf=2700 updates=1850
[eval  ep 015] greedy_profit=-360748.8 ± 4594.4 (n=2, days=90)
[train ep 020/40] algo=dqn steps=90 return=-36.059 raw_profit=-360595.0 loss=1.38869 eps=0.166 buf=3150 updates=2300
[eval  ep 020] greedy_profit=-360748.8 ± 4594.4 (n=2, days=90)
[train ep 025/40] algo=dqn steps=90 return=-36.244 raw_profit=-362435.0 loss=1.44340 eps=0.157 buf=3600 updates=2750
[eval  ep 025] greedy_profit=-360748.8 ± 4594.4 (n=2, days=90)
[train ep 030/40] algo=dqn steps=90 return=-35.974 raw_profit=-359742.5 loss=1.43129 eps=0.149 buf=4050 updates=3200
[eval  ep 030] greedy_profit=-360748.8 ± 4594.4 (n=2, days=90)
[train ep 035/40] algo=dqn steps=90 return=-36.288 raw_profit=-362880.0 loss=1.03268 eps=0.140 buf=4500 updates=3650
[eval  ep 035] greedy_profit=-360748.8 ± 4594.4 (n=2, days=90)
[train ep 040/40] algo=dqn steps=90 return=-36.498 raw_profit=-364980.0 loss=0.93196 eps=0.132 buf=4950 updates=4100
[eval  ep 040] greedy_profit=-360748.8 ± 4594.4 (n=2, days=90)
saved best checkpoint → /Users/oliverhuang/Desktop/2026_furp_零售/logs/checkpoints/suite_ab/A_fixed_U3_dqn_ws_best.pt (profit=-360748.8)
[dqn/ws] best_eval=-360748.75 (5s)
  EVAL dqn/ws: -361014.5 ± 1214.5 (Δrule=+0, Δbest=+0)

=== TRAIN fixed_U3 | ddqn/no_ws ===
[train] state_encoder=raw dim=94 action_space=coarse n_actions=18 algo=ddqn forbid_expedite=True
[train ep 005/40] algo=ddqn steps=90 return=-36.029 raw_profit=-360292.5 loss=nan eps=0.963 buf=450 updates=0
[eval  ep 005] greedy_profit=-360748.8 ± 4594.4 (n=2, days=90)
[train ep 010/40] algo=ddqn steps=90 return=-35.978 raw_profit=-359782.5 loss=0.24181 eps=0.926 buf=900 updates=101
[eval  ep 010] greedy_profit=-360748.8 ± 4594.4 (n=2, days=90)
[train ep 015/40] algo=ddqn steps=90 return=-36.270 raw_profit=-362700.0 loss=0.08148 eps=0.889 buf=1350 updates=551
[eval  ep 015] greedy_profit=-360748.8 ± 4594.4 (n=2, days=90)
[train ep 020/40] algo=ddqn steps=90 return=-36.059 raw_profit=-360595.0 loss=0.00550 eps=0.852 buf=1800 updates=1001
[eval  ep 020] greedy_profit=-360748.8 ± 4594.4 (n=2, days=90)
[train ep 025/40] algo=ddqn steps=90 return=-36.244 raw_profit=-362435.0 loss=0.00301 eps=0.814 buf=2250 updates=1451
[eval  ep 025] greedy_profit=-360748.8 ± 4594.4 (n=2, days=90)
[train ep 030/40] algo=ddqn steps=90 return=-35.974 raw_profit=-359742.5 loss=0.00633 eps=0.777 buf=2700 updates=1901
[eval  ep 030] greedy_profit=-360748.8 ± 4594.4 (n=2, days=90)
[train ep 035/40] algo=ddqn steps=90 return=-36.288 raw_profit=-362880.0 loss=0.01226 eps=0.740 buf=3150 updates=2351
[eval  ep 035] greedy_profit=-360748.8 ± 4594.4 (n=2, days=90)
[train ep 040/40] algo=ddqn steps=90 return=-36.498 raw_profit=-364980.0 loss=0.02489 eps=0.703 buf=3600 updates=2801
[eval  ep 040] greedy_profit=-360748.8 ± 4594.4 (n=2, days=90)
saved best checkpoint → /Users/oliverhuang/Desktop/2026_furp_零售/logs/checkpoints/suite_ab/A_fixed_U3_ddqn_no_ws_best.pt (profit=-360748.8)
[ddqn/no_ws] best_eval=-360748.75 (3s)
  EVAL ddqn/no_ws: -361014.5 ± 1214.5 (Δrule=+0, Δbest=+0)

=== TRAIN fixed_U3 | ddqn/ws ===
[train] state_encoder=raw dim=94 action_space=coarse n_actions=18 algo=ddqn forbid_expedite=True
[warmstart] collecting 15 rule episodes (forbid_expedite=True) ...
[warmstart rule ep 001/15] raw_profit=-358355.0 buf=90
[warmstart rule ep 002/15] raw_profit=-362780.0 buf=180
[warmstart rule ep 003/15] raw_profit=-356160.0 buf=270
[warmstart rule ep 004/15] raw_profit=-355839.3 buf=360
[warmstart rule ep 005/15] raw_profit=-360695.0 buf=450
[warmstart rule ep 006/15] raw_profit=-358307.5 buf=540
[warmstart rule ep 007/15] raw_profit=-356497.5 buf=630
[warmstart rule ep 008/15] raw_profit=-360460.0 buf=720
[warmstart rule ep 009/15] raw_profit=-357152.5 buf=810
[warmstart rule ep 010/15] raw_profit=-362575.0 buf=900
[warmstart rule ep 011/15] raw_profit=-359835.9 buf=990
[warmstart rule ep 012/15] raw_profit=-358685.9 buf=1080
[warmstart rule ep 013/15] raw_profit=-359025.0 buf=1170
[warmstart rule ep 014/15] raw_profit=-356500.0 buf=1260
[warmstart rule ep 015/15] raw_profit=-362778.4 buf=1350
[warmstart] behavioral cloning 1500 updates ...
[warmstart BC 0001/1500] loss=2.9884
[warmstart BC 0300/1500] loss=0.0000
[warmstart BC 0600/1500] loss=0.0000
[warmstart BC 0900/1500] loss=0.0000
[warmstart BC 1200/1500] loss=0.0000
[warmstart BC 1500/1500] loss=0.0000
[warmstart] pre-RL greedy eval profit=-360748.8 ± 4594.4
[train ep 005/40] algo=ddqn steps=90 return=-36.029 raw_profit=-360292.5 loss=95.38635 eps=0.191 buf=1800 updates=950
[eval  ep 005] greedy_profit=-360748.8 ± 4594.4 (n=2, days=90)
[train ep 010/40] algo=ddqn steps=90 return=-35.978 raw_profit=-359782.5 loss=1.76421 eps=0.183 buf=2250 updates=1400
[eval  ep 010] greedy_profit=-360748.8 ± 4594.4 (n=2, days=90)
[train ep 015/40] algo=ddqn steps=90 return=-36.270 raw_profit=-362700.0 loss=0.16774 eps=0.174 buf=2700 updates=1850
[eval  ep 015] greedy_profit=-360748.8 ± 4594.4 (n=2, days=90)
[train ep 020/40] algo=ddqn steps=90 return=-36.059 raw_profit=-360595.0 loss=0.07959 eps=0.166 buf=3150 updates=2300
[eval  ep 020] greedy_profit=-360748.8 ± 4594.4 (n=2, days=90)
[train ep 025/40] algo=ddqn steps=90 return=-36.244 raw_profit=-362435.0 loss=0.06417 eps=0.157 buf=3600 updates=2750
[eval  ep 025] greedy_profit=-360748.8 ± 4594.4 (n=2, days=90)
[train ep 030/40] algo=ddqn steps=90 return=-35.974 raw_profit=-359742.5 loss=0.04506 eps=0.149 buf=4050 updates=3200
[eval  ep 030] greedy_profit=-360748.8 ± 4594.4 (n=2, days=90)
[train ep 035/40] algo=ddqn steps=90 return=-36.288 raw_profit=-362880.0 loss=0.02221 eps=0.140 buf=4500 updates=3650
[eval  ep 035] greedy_profit=-360748.8 ± 4594.4 (n=2, days=90)
[train ep 040/40] algo=ddqn steps=90 return=-36.498 raw_profit=-364980.0 loss=0.01659 eps=0.132 buf=4950 updates=4100
[eval  ep 040] greedy_profit=-360748.8 ± 4594.4 (n=2, days=90)
saved best checkpoint → /Users/oliverhuang/Desktop/2026_furp_零售/logs/checkpoints/suite_ab/A_fixed_U3_ddqn_ws_best.pt (profit=-360748.8)
[ddqn/ws] best_eval=-360748.75 (4s)
  EVAL ddqn/ws: -361014.5 ± 1214.5 (Δrule=+0, Δbest=+0)

=== TRAIN fixed_U3 | dueling/no_ws ===
[train] state_encoder=raw dim=94 action_space=coarse n_actions=18 algo=dueling forbid_expedite=True
[train ep 005/40] algo=dueling steps=90 return=-36.029 raw_profit=-360292.5 loss=nan eps=0.963 buf=450 updates=0
[eval  ep 005] greedy_profit=-360748.8 ± 4594.4 (n=2, days=90)
[train ep 010/40] algo=dueling steps=90 return=-35.978 raw_profit=-359782.5 loss=0.00620 eps=0.926 buf=900 updates=101
[eval  ep 010] greedy_profit=-360748.8 ± 4594.4 (n=2, days=90)
[train ep 015/40] algo=dueling steps=90 return=-36.270 raw_profit=-362700.0 loss=0.00998 eps=0.889 buf=1350 updates=551
[eval  ep 015] greedy_profit=-360748.8 ± 4594.4 (n=2, days=90)
[train ep 020/40] algo=dueling steps=90 return=-36.059 raw_profit=-360595.0 loss=0.00257 eps=0.852 buf=1800 updates=1001
[eval  ep 020] greedy_profit=-360748.8 ± 4594.4 (n=2, days=90)
[train ep 025/40] algo=dueling steps=90 return=-36.244 raw_profit=-362435.0 loss=0.00150 eps=0.814 buf=2250 updates=1451
[eval  ep 025] greedy_profit=-360748.8 ± 4594.4 (n=2, days=90)
[train ep 030/40] algo=dueling steps=90 return=-35.974 raw_profit=-359742.5 loss=0.00439 eps=0.777 buf=2700 updates=1901
[eval  ep 030] greedy_profit=-360748.8 ± 4594.4 (n=2, days=90)
[train ep 035/40] algo=dueling steps=90 return=-36.288 raw_profit=-362880.0 loss=0.00806 eps=0.740 buf=3150 updates=2351
[eval  ep 035] greedy_profit=-360748.8 ± 4594.4 (n=2, days=90)
[train ep 040/40] algo=dueling steps=90 return=-36.498 raw_profit=-364980.0 loss=0.01615 eps=0.703 buf=3600 updates=2801
[eval  ep 040] greedy_profit=-360748.8 ± 4594.4 (n=2, days=90)
saved best checkpoint → /Users/oliverhuang/Desktop/2026_furp_零售/logs/checkpoints/suite_ab/A_fixed_U3_dueling_no_ws_best.pt (profit=-360748.8)
[dueling/no_ws] best_eval=-360748.75 (3s)
  EVAL dueling/no_ws: -361014.5 ± 1214.5 (Δrule=+0, Δbest=+0)

=== TRAIN fixed_U3 | dueling/ws ===
[train] state_encoder=raw dim=94 action_space=coarse n_actions=18 algo=dueling forbid_expedite=True
[warmstart] collecting 15 rule episodes (forbid_expedite=True) ...
[warmstart rule ep 001/15] raw_profit=-358355.0 buf=90
[warmstart rule ep 002/15] raw_profit=-362780.0 buf=180
[warmstart rule ep 003/15] raw_profit=-356160.0 buf=270
[warmstart rule ep 004/15] raw_profit=-355839.3 buf=360
[warmstart rule ep 005/15] raw_profit=-360695.0 buf=450
[warmstart rule ep 006/15] raw_profit=-358307.5 buf=540
[warmstart rule ep 007/15] raw_profit=-356497.5 buf=630
[warmstart rule ep 008/15] raw_profit=-360460.0 buf=720
[warmstart rule ep 009/15] raw_profit=-357152.5 buf=810
[warmstart rule ep 010/15] raw_profit=-362575.0 buf=900
[warmstart rule ep 011/15] raw_profit=-359835.9 buf=990
[warmstart rule ep 012/15] raw_profit=-358685.9 buf=1080
[warmstart rule ep 013/15] raw_profit=-359025.0 buf=1170
[warmstart rule ep 014/15] raw_profit=-356500.0 buf=1260
[warmstart rule ep 015/15] raw_profit=-362778.4 buf=1350
[warmstart] behavioral cloning 1500 updates ...
[warmstart BC 0001/1500] loss=2.5651
[warmstart BC 0300/1500] loss=0.0001
[warmstart BC 0600/1500] loss=0.0000
[warmstart BC 0900/1500] loss=0.0000
[warmstart BC 1200/1500] loss=0.0000
[warmstart BC 1500/1500] loss=0.0000
[warmstart] pre-RL greedy eval profit=-360748.8 ± 4594.4
[train ep 005/40] algo=dueling steps=90 return=-36.029 raw_profit=-360292.5 loss=0.62416 eps=0.191 buf=1800 updates=950
[eval  ep 005] greedy_profit=-360748.8 ± 4594.4 (n=2, days=90)
[train ep 010/40] algo=dueling steps=90 return=-35.978 raw_profit=-359782.5 loss=0.68759 eps=0.183 buf=2250 updates=1400
[eval  ep 010] greedy_profit=-360748.8 ± 4594.4 (n=2, days=90)
[train ep 015/40] algo=dueling steps=90 return=-36.270 raw_profit=-362700.0 loss=0.43707 eps=0.174 buf=2700 updates=1850
[eval  ep 015] greedy_profit=-360748.8 ± 4594.4 (n=2, days=90)
[train ep 020/40] algo=dueling steps=90 return=-36.059 raw_profit=-360595.0 loss=0.28144 eps=0.166 buf=3150 updates=2300
[eval  ep 020] greedy_profit=-360748.8 ± 4594.4 (n=2, days=90)
[train ep 025/40] algo=dueling steps=90 return=-36.244 raw_profit=-362435.0 loss=0.25636 eps=0.157 buf=3600 updates=2750
[eval  ep 025] greedy_profit=-360748.8 ± 4594.4 (n=2, days=90)
[train ep 030/40] algo=dueling steps=90 return=-35.974 raw_profit=-359742.5 loss=0.20286 eps=0.149 buf=4050 updates=3200
[eval  ep 030] greedy_profit=-360748.8 ± 4594.4 (n=2, days=90)
[train ep 035/40] algo=dueling steps=90 return=-36.288 raw_profit=-362880.0 loss=0.12367 eps=0.140 buf=4500 updates=3650
[eval  ep 035] greedy_profit=-360748.8 ± 4594.4 (n=2, days=90)
[train ep 040/40] algo=dueling steps=90 return=-36.498 raw_profit=-364980.0 loss=0.08824 eps=0.132 buf=4950 updates=4100
[eval  ep 040] greedy_profit=-360748.8 ± 4594.4 (n=2, days=90)
saved best checkpoint → /Users/oliverhuang/Desktop/2026_furp_零售/logs/checkpoints/suite_ab/A_fixed_U3_dueling_ws_best.pt (profit=-360748.8)
[dueling/ws] best_eval=-360748.75 (6s)
  EVAL dueling/ws: -361014.5 ± 1214.5 (Δrule=+0, Δbest=+0)

=== TRAIN fixed_U3 | d3qn/no_ws ===
[train] state_encoder=raw dim=94 action_space=coarse n_actions=18 algo=d3qn forbid_expedite=True
[train ep 005/40] algo=d3qn steps=90 return=-36.029 raw_profit=-360292.5 loss=nan eps=0.963 buf=450 updates=0
[eval  ep 005] greedy_profit=-360748.8 ± 4594.4 (n=2, days=90)
[train ep 010/40] algo=d3qn steps=90 return=-35.978 raw_profit=-359782.5 loss=0.07764 eps=0.926 buf=900 updates=101
[eval  ep 010] greedy_profit=-360748.8 ± 4594.4 (n=2, days=90)
[train ep 015/40] algo=d3qn steps=90 return=-36.270 raw_profit=-362700.0 loss=0.03211 eps=0.889 buf=1350 updates=551
[eval  ep 015] greedy_profit=-360748.8 ± 4594.4 (n=2, days=90)
[train ep 020/40] algo=d3qn steps=90 return=-36.059 raw_profit=-360595.0 loss=0.00493 eps=0.852 buf=1800 updates=1001
[eval  ep 020] greedy_profit=-360748.8 ± 4594.4 (n=2, days=90)
[train ep 025/40] algo=d3qn steps=90 return=-36.244 raw_profit=-362435.0 loss=0.00755 eps=0.814 buf=2250 updates=1451
[eval  ep 025] greedy_profit=-360748.8 ± 4594.4 (n=2, days=90)
[train ep 030/40] algo=d3qn steps=90 return=-35.974 raw_profit=-359742.5 loss=0.01210 eps=0.777 buf=2700 updates=1901
[eval  ep 030] greedy_profit=-360748.8 ± 4594.4 (n=2, days=90)
[train ep 035/40] algo=d3qn steps=90 return=-36.288 raw_profit=-362880.0 loss=0.01672 eps=0.740 buf=3150 updates=2351
[eval  ep 035] greedy_profit=-360748.8 ± 4594.4 (n=2, days=90)
[train ep 040/40] algo=d3qn steps=90 return=-36.498 raw_profit=-364980.0 loss=0.02957 eps=0.703 buf=3600 updates=2801
[eval  ep 040] greedy_profit=-360748.8 ± 4594.4 (n=2, days=90)
saved best checkpoint → /Users/oliverhuang/Desktop/2026_furp_零售/logs/checkpoints/suite_ab/A_fixed_U3_d3qn_no_ws_best.pt (profit=-360748.8)
[d3qn/no_ws] best_eval=-360748.75 (4s)
  EVAL d3qn/no_ws: -361014.5 ± 1214.5 (Δrule=+0, Δbest=+0)

=== TRAIN fixed_U3 | d3qn/ws ===
[train] state_encoder=raw dim=94 action_space=coarse n_actions=18 algo=d3qn forbid_expedite=True
[warmstart] collecting 15 rule episodes (forbid_expedite=True) ...
[warmstart rule ep 001/15] raw_profit=-358355.0 buf=90
[warmstart rule ep 002/15] raw_profit=-362780.0 buf=180
[warmstart rule ep 003/15] raw_profit=-356160.0 buf=270
[warmstart rule ep 004/15] raw_profit=-355839.3 buf=360
[warmstart rule ep 005/15] raw_profit=-360695.0 buf=450
[warmstart rule ep 006/15] raw_profit=-358307.5 buf=540
[warmstart rule ep 007/15] raw_profit=-356497.5 buf=630
[warmstart rule ep 008/15] raw_profit=-360460.0 buf=720
[warmstart rule ep 009/15] raw_profit=-357152.5 buf=810
[warmstart rule ep 010/15] raw_profit=-362575.0 buf=900
[warmstart rule ep 011/15] raw_profit=-359835.9 buf=990
[warmstart rule ep 012/15] raw_profit=-358685.9 buf=1080
[warmstart rule ep 013/15] raw_profit=-359025.0 buf=1170
[warmstart rule ep 014/15] raw_profit=-356500.0 buf=1260
[warmstart rule ep 015/15] raw_profit=-362778.4 buf=1350
[warmstart] behavioral cloning 1500 updates ...
[warmstart BC 0001/1500] loss=2.5651
[warmstart BC 0300/1500] loss=0.0001
[warmstart BC 0600/1500] loss=0.0000
[warmstart BC 0900/1500] loss=0.0000
[warmstart BC 1200/1500] loss=0.0000
[warmstart BC 1500/1500] loss=0.0000
[warmstart] pre-RL greedy eval profit=-360748.8 ± 4594.4
[train ep 005/40] algo=d3qn steps=90 return=-36.029 raw_profit=-360292.5 loss=5.93529 eps=0.191 buf=1800 updates=950
[eval  ep 005] greedy_profit=-360748.8 ± 4594.4 (n=2, days=90)
[train ep 010/40] algo=d3qn steps=90 return=-35.978 raw_profit=-359782.5 loss=0.80856 eps=0.183 buf=2250 updates=1400
[eval  ep 010] greedy_profit=-360748.8 ± 4594.4 (n=2, days=90)
[train ep 015/40] algo=d3qn steps=90 return=-36.270 raw_profit=-362700.0 loss=0.61641 eps=0.174 buf=2700 updates=1850
[eval  ep 015] greedy_profit=-360748.8 ± 4594.4 (n=2, days=90)
[train ep 020/40] algo=d3qn steps=90 return=-36.059 raw_profit=-360595.0 loss=0.50074 eps=0.166 buf=3150 updates=2300
[eval  ep 020] greedy_profit=-360748.8 ± 4594.4 (n=2, days=90)
[train ep 025/40] algo=d3qn steps=90 return=-36.244 raw_profit=-362435.0 loss=0.57748 eps=0.157 buf=3600 updates=2750
[eval  ep 025] greedy_profit=-360748.8 ± 4594.4 (n=2, days=90)
[train ep 030/40] algo=d3qn steps=90 return=-35.974 raw_profit=-359742.5 loss=0.61276 eps=0.149 buf=4050 updates=3200
[eval  ep 030] greedy_profit=-360748.8 ± 4594.4 (n=2, days=90)
[train ep 035/40] algo=d3qn steps=90 return=-36.288 raw_profit=-362880.0 loss=0.48292 eps=0.140 buf=4500 updates=3650
[eval  ep 035] greedy_profit=-360748.8 ± 4594.4 (n=2, days=90)
[train ep 040/40] algo=d3qn steps=90 return=-36.498 raw_profit=-364980.0 loss=0.45110 eps=0.132 buf=4950 updates=4100
[eval  ep 040] greedy_profit=-360748.8 ± 4594.4 (n=2, days=90)
saved best checkpoint → /Users/oliverhuang/Desktop/2026_furp_零售/logs/checkpoints/suite_ab/A_fixed_U3_d3qn_ws_best.pt (profit=-360748.8)
[d3qn/ws] best_eval=-360748.75 (6s)
  EVAL d3qn/ws: -361014.5 ± 1214.5 (Δrule=+0, Δbest=+0)

=== TRAIN fixed_U3 | ppo/no_ws ===
[train PPO] encoder=raw dim=94 n_actions=18 forbid_e1=True
[train PPO ep 001/40] raw_profit=-358900.0 loss=16.3882
[train PPO ep 005/40] raw_profit=-360292.5 loss=15.5737
[eval  PPO ep 005] greedy_profit=-360748.8 ± 4594.4
[train PPO ep 010/40] raw_profit=-359782.5 loss=14.6179
[eval  PPO ep 010] greedy_profit=-360748.8 ± 4594.4
[train PPO ep 015/40] raw_profit=-362700.0 loss=13.9270
[eval  PPO ep 015] greedy_profit=-360748.8 ± 4594.4
[train PPO ep 020/40] raw_profit=-360595.0 loss=12.0503
[eval  PPO ep 020] greedy_profit=-360748.8 ± 4594.4
[train PPO ep 025/40] raw_profit=-362435.0 loss=11.4056
[eval  PPO ep 025] greedy_profit=-360748.8 ± 4594.4
[train PPO ep 030/40] raw_profit=-359742.5 loss=10.1964
[eval  PPO ep 030] greedy_profit=-360748.8 ± 4594.4
[train PPO ep 035/40] raw_profit=-362880.0 loss=10.4683
[eval  PPO ep 035] greedy_profit=-360748.8 ± 4594.4
[train PPO ep 040/40] raw_profit=-364980.0 loss=10.8326
[eval  PPO ep 040] greedy_profit=-360748.8 ± 4594.4
saved best checkpoint → /Users/oliverhuang/Desktop/2026_furp_零售/logs/checkpoints/suite_ab/A_fixed_U3_ppo_no_ws_best.pt (profit=-360748.8)
[ppo/no_ws] best_eval=-360748.75 (2s)
  EVAL ppo/no_ws: -361014.5 ± 1214.5 (Δrule=+0, Δbest=+0)

=== TRAIN fixed_U3 | ppo/ws ===
[train PPO] encoder=raw dim=94 n_actions=18 forbid_e1=True
[warmstart] collecting 15 rule episodes ...
[warmstart PPO-BC 0001/1500] loss=2.1978
[warmstart PPO-BC 0300/1500] loss=0.0000
[warmstart PPO-BC 0600/1500] loss=0.0000
[warmstart PPO-BC 0900/1500] loss=0.0000
[warmstart PPO-BC 1200/1500] loss=0.0000
[warmstart PPO-BC 1500/1500] loss=0.0000
[warmstart] pre-RL greedy eval=-360748.8
[train PPO ep 001/40] raw_profit=-358900.0 loss=15.1031
[train PPO ep 005/40] raw_profit=-360292.5 loss=12.7097
[eval  PPO ep 005] greedy_profit=-360748.8 ± 4594.4
[train PPO ep 010/40] raw_profit=-359782.5 loss=10.8031
[eval  PPO ep 010] greedy_profit=-360748.8 ± 4594.4
[train PPO ep 015/40] raw_profit=-362700.0 loss=9.9614
[eval  PPO ep 015] greedy_profit=-360748.8 ± 4594.4
[train PPO ep 020/40] raw_profit=-360595.0 loss=11.3255
[eval  PPO ep 020] greedy_profit=-360748.8 ± 4594.4
[train PPO ep 025/40] raw_profit=-362435.0 loss=14.0062
[eval  PPO ep 025] greedy_profit=-360748.8 ± 4594.4
[train PPO ep 030/40] raw_profit=-359742.5 loss=13.8575
[eval  PPO ep 030] greedy_profit=-360748.8 ± 4594.4
[train PPO ep 035/40] raw_profit=-362880.0 loss=15.6430
[eval  PPO ep 035] greedy_profit=-360748.8 ± 4594.4
[train PPO ep 040/40] raw_profit=-364980.0 loss=12.8406
[eval  PPO ep 040] greedy_profit=-360748.8 ± 4594.4
saved best checkpoint → /Users/oliverhuang/Desktop/2026_furp_零售/logs/checkpoints/suite_ab/A_fixed_U3_ppo_ws_best.pt (profit=-360748.8)
[ppo/ws] best_eval=-360748.75 (3s)
  EVAL ppo/ws: -361014.5 ± 1214.5 (Δrule=+0, Δbest=+0)

######## A/fixed_A2 mode=none profile=pdf fixed=(2,0) H=15+120 n_rep=10 ########
--- baselines ---
  baseline fixed_0_(s,S): 863073.4 ± 2032.6
  baseline best_fixed_1: 863241.0 ± 2067.4
  baseline rule_based: 849800.5 ± 1949.4

=== TRAIN fixed_A2 | dqn/no_ws ===
[train] state_encoder=raw dim=94 action_space=coarse n_actions=18 algo=dqn forbid_expedite=True
[train ep 005/40] algo=dqn steps=120 return=84.929 raw_profit=849290.8 loss=nan eps=0.951 buf=600 updates=0
[eval  ep 005] greedy_profit=859339.9 ± 10821.2 (n=2, days=120)
[train ep 010/40] algo=dqn steps=120 return=85.565 raw_profit=855649.2 loss=0.07997 eps=0.901 buf=1200 updates=401
[eval  ep 010] greedy_profit=854378.4 ± 12679.6 (n=2, days=120)
[train ep 015/40] algo=dqn steps=120 return=85.591 raw_profit=855905.8 loss=0.07779 eps=0.852 buf=1800 updates=1001
[eval  ep 015] greedy_profit=853182.4 ± 11816.3 (n=2, days=120)
[train ep 020/40] algo=dqn steps=120 return=85.664 raw_profit=856637.4 loss=0.18095 eps=0.802 buf=2400 updates=1601
[eval  ep 020] greedy_profit=852856.4 ± 12440.3 (n=2, days=120)
[train ep 025/40] algo=dqn steps=120 return=85.802 raw_profit=858021.4 loss=0.16699 eps=0.752 buf=3000 updates=2201
[eval  ep 025] greedy_profit=852047.2 ± 12108.0 (n=2, days=120)
[train ep 030/40] algo=dqn steps=120 return=85.362 raw_profit=853619.7 loss=0.25377 eps=0.703 buf=3600 updates=2801
[eval  ep 030] greedy_profit=852786.2 ± 10641.9 (n=2, days=120)
[train ep 035/40] algo=dqn steps=120 return=85.639 raw_profit=856389.2 loss=0.28930 eps=0.653 buf=4200 updates=3401
[eval  ep 035] greedy_profit=851397.3 ± 11729.4 (n=2, days=120)
[train ep 040/40] algo=dqn steps=120 return=85.891 raw_profit=858912.3 loss=0.31846 eps=0.604 buf=4800 updates=4001
[eval  ep 040] greedy_profit=854298.4 ± 13750.6 (n=2, days=120)
saved best checkpoint → /Users/oliverhuang/Desktop/2026_furp_零售/logs/checkpoints/suite_ab/A_fixed_A2_dqn_no_ws_best.pt (profit=859339.9)
[dqn/no_ws] best_eval=859339.8500000001 (4s)
  EVAL dqn/no_ws: 861495.9 ± 1866.1 (Δrule=+11695, Δbest=-1745)

=== TRAIN fixed_A2 | dqn/ws ===
[train] state_encoder=raw dim=94 action_space=coarse n_actions=18 algo=dqn forbid_expedite=True
[warmstart] collecting 15 rule episodes (forbid_expedite=True) ...
[warmstart rule ep 001/15] raw_profit=848381.3 buf=120
[warmstart rule ep 002/15] raw_profit=849640.8 buf=240
[warmstart rule ep 003/15] raw_profit=834973.5 buf=360
[warmstart rule ep 004/15] raw_profit=842751.0 buf=480
[warmstart rule ep 005/15] raw_profit=851986.9 buf=600
[warmstart rule ep 006/15] raw_profit=844780.8 buf=720
[warmstart rule ep 007/15] raw_profit=835568.1 buf=840
[warmstart rule ep 008/15] raw_profit=847423.6 buf=960
[warmstart rule ep 009/15] raw_profit=845506.0 buf=1080
[warmstart rule ep 010/15] raw_profit=853237.1 buf=1200
[warmstart rule ep 011/15] raw_profit=846762.9 buf=1320
[warmstart rule ep 012/15] raw_profit=846601.7 buf=1440
[warmstart rule ep 013/15] raw_profit=844074.3 buf=1560
[warmstart rule ep 014/15] raw_profit=844717.4 buf=1680
[warmstart rule ep 015/15] raw_profit=857698.9 buf=1800
[warmstart] behavioral cloning 1500 updates ...
[warmstart BC 0001/1500] loss=3.1827
[warmstart BC 0300/1500] loss=0.0000
[warmstart BC 0600/1500] loss=0.0000
[warmstart BC 0900/1500] loss=0.0000
[warmstart BC 1200/1500] loss=0.0000
[warmstart BC 1500/1500] loss=0.0000
[warmstart] pre-RL greedy eval profit=849037.8 ± 11770.2
[train ep 005/40] algo=dqn steps=120 return=84.754 raw_profit=847543.1 loss=3.84630 eps=0.189 buf=2400 updates=1100
[eval  ep 005] greedy_profit=849364.3 ± 12381.6 (n=2, days=120)
[train ep 010/40] algo=dqn steps=120 return=85.182 raw_profit=851819.4 loss=3.82699 eps=0.177 buf=3000 updates=1700
[eval  ep 010] greedy_profit=851115.6 ± 11486.7 (n=2, days=120)
[train ep 015/40] algo=dqn steps=120 return=85.333 raw_profit=853332.6 loss=2.79767 eps=0.166 buf=3600 updates=2300
[eval  ep 015] greedy_profit=849194.7 ± 11330.7 (n=2, days=120)
[train ep 020/40] algo=dqn steps=120 return=85.518 raw_profit=855175.3 loss=3.19991 eps=0.154 buf=4200 updates=2900
[eval  ep 020] greedy_profit=850604.2 ± 11469.2 (n=2, days=120)
[train ep 025/40] algo=dqn steps=120 return=85.554 raw_profit=855536.9 loss=2.90757 eps=0.143 buf=4800 updates=3500
[eval  ep 025] greedy_profit=850348.5 ± 11739.5 (n=2, days=120)
[train ep 030/40] algo=dqn steps=120 return=85.088 raw_profit=850881.6 loss=3.48632 eps=0.132 buf=5400 updates=4100
[eval  ep 030] greedy_profit=852394.4 ± 11257.1 (n=2, days=120)
[train ep 035/40] algo=dqn steps=120 return=85.264 raw_profit=852636.5 loss=3.50692 eps=0.120 buf=6000 updates=4700
[eval  ep 035] greedy_profit=849772.2 ± 11306.4 (n=2, days=120)
[train ep 040/40] algo=dqn steps=120 return=85.663 raw_profit=856634.7 loss=3.70704 eps=0.109 buf=6600 updates=5300
[eval  ep 040] greedy_profit=849962.2 ± 12322.5 (n=2, days=120)
saved best checkpoint → /Users/oliverhuang/Desktop/2026_furp_零售/logs/checkpoints/suite_ab/A_fixed_A2_dqn_ws_best.pt (profit=852394.4)
[dqn/ws] best_eval=852394.4125000001 (6s)
  EVAL dqn/ws: 852622.9 ± 1987.9 (Δrule=+2822, Δbest=-10618)

=== TRAIN fixed_A2 | ddqn/no_ws ===
[train] state_encoder=raw dim=94 action_space=coarse n_actions=18 algo=ddqn forbid_expedite=True
[train ep 005/40] algo=ddqn steps=120 return=84.929 raw_profit=849290.8 loss=nan eps=0.951 buf=600 updates=0
[eval  ep 005] greedy_profit=859339.9 ± 10821.2 (n=2, days=120)
[train ep 010/40] algo=ddqn steps=120 return=85.507 raw_profit=855067.5 loss=0.51723 eps=0.901 buf=1200 updates=401
[eval  ep 010] greedy_profit=855706.7 ± 12329.7 (n=2, days=120)
[train ep 015/40] algo=ddqn steps=120 return=85.562 raw_profit=855624.7 loss=0.05876 eps=0.852 buf=1800 updates=1001
[eval  ep 015] greedy_profit=852966.0 ± 12592.7 (n=2, days=120)
[train ep 020/40] algo=ddqn steps=120 return=85.730 raw_profit=857295.3 loss=0.12772 eps=0.802 buf=2400 updates=1601
[eval  ep 020] greedy_profit=850960.9 ± 12338.3 (n=2, days=120)
[train ep 025/40] algo=ddqn steps=120 return=85.756 raw_profit=857557.5 loss=0.10096 eps=0.752 buf=3000 updates=2201
[eval  ep 025] greedy_profit=851855.7 ± 12494.5 (n=2, days=120)
[train ep 030/40] algo=ddqn steps=120 return=85.308 raw_profit=853076.6 loss=0.15978 eps=0.703 buf=3600 updates=2801
[eval  ep 030] greedy_profit=853451.0 ± 12974.4 (n=2, days=120)
[train ep 035/40] algo=ddqn steps=120 return=85.658 raw_profit=856575.7 loss=0.18940 eps=0.653 buf=4200 updates=3401
[eval  ep 035] greedy_profit=851585.8 ± 11962.0 (n=2, days=120)
[train ep 040/40] algo=ddqn steps=120 return=85.871 raw_profit=858706.6 loss=0.21783 eps=0.604 buf=4800 updates=4001
[eval  ep 040] greedy_profit=853542.3 ± 11952.8 (n=2, days=120)
saved best checkpoint → /Users/oliverhuang/Desktop/2026_furp_零售/logs/checkpoints/suite_ab/A_fixed_A2_ddqn_no_ws_best.pt (profit=859339.9)
[ddqn/no_ws] best_eval=859339.8500000001 (4s)
  EVAL ddqn/no_ws: 861495.9 ± 1866.1 (Δrule=+11695, Δbest=-1745)

=== TRAIN fixed_A2 | ddqn/ws ===
[train] state_encoder=raw dim=94 action_space=coarse n_actions=18 algo=ddqn forbid_expedite=True
[warmstart] collecting 15 rule episodes (forbid_expedite=True) ...
[warmstart rule ep 001/15] raw_profit=848381.3 buf=120
[warmstart rule ep 002/15] raw_profit=849640.8 buf=240
[warmstart rule ep 003/15] raw_profit=834973.5 buf=360
[warmstart rule ep 004/15] raw_profit=842751.0 buf=480
[warmstart rule ep 005/15] raw_profit=851986.9 buf=600
[warmstart rule ep 006/15] raw_profit=844780.8 buf=720
[warmstart rule ep 007/15] raw_profit=835568.1 buf=840
[warmstart rule ep 008/15] raw_profit=847423.6 buf=960
[warmstart rule ep 009/15] raw_profit=845506.0 buf=1080
[warmstart rule ep 010/15] raw_profit=853237.1 buf=1200
[warmstart rule ep 011/15] raw_profit=846762.9 buf=1320
[warmstart rule ep 012/15] raw_profit=846601.7 buf=1440
[warmstart rule ep 013/15] raw_profit=844074.3 buf=1560
[warmstart rule ep 014/15] raw_profit=844717.4 buf=1680
[warmstart rule ep 015/15] raw_profit=857698.9 buf=1800
[warmstart] behavioral cloning 1500 updates ...
[warmstart BC 0001/1500] loss=3.1827
[warmstart BC 0300/1500] loss=0.0000
[warmstart BC 0600/1500] loss=0.0000
[warmstart BC 0900/1500] loss=0.0000
[warmstart BC 1200/1500] loss=0.0000
[warmstart BC 1500/1500] loss=0.0000
[warmstart] pre-RL greedy eval profit=849037.8 ± 11770.2
[train ep 005/40] algo=ddqn steps=120 return=85.143 raw_profit=851433.4 loss=2.83942 eps=0.189 buf=2400 updates=1100
[eval  ep 005] greedy_profit=852043.2 ± 12384.1 (n=2, days=120)
[train ep 010/40] algo=ddqn steps=120 return=85.782 raw_profit=857817.8 loss=0.12825 eps=0.177 buf=3000 updates=1700
[eval  ep 010] greedy_profit=857081.0 ± 12455.0 (n=2, days=120)
[train ep 015/40] algo=ddqn steps=120 return=85.889 raw_profit=858890.1 loss=0.04247 eps=0.166 buf=3600 updates=2300
[eval  ep 015] greedy_profit=857902.9 ± 10307.7 (n=2, days=120)
[train ep 020/40] algo=ddqn steps=120 return=85.664 raw_profit=856636.6 loss=0.01969 eps=0.154 buf=4200 updates=2900
[eval  ep 020] greedy_profit=853481.8 ± 10916.8 (n=2, days=120)
[train ep 025/40] algo=ddqn steps=120 return=85.781 raw_profit=857810.1 loss=0.01641 eps=0.143 buf=4800 updates=3500
[eval  ep 025] greedy_profit=856374.4 ± 10641.9 (n=2, days=120)
[train ep 030/40] algo=ddqn steps=120 return=85.324 raw_profit=853243.9 loss=0.06607 eps=0.132 buf=5400 updates=4100
[eval  ep 030] greedy_profit=852437.6 ± 12081.2 (n=2, days=120)
[train ep 035/40] algo=ddqn steps=120 return=85.662 raw_profit=856625.0 loss=0.05660 eps=0.120 buf=6000 updates=4700
[eval  ep 035] greedy_profit=853387.4 ± 11012.8 (n=2, days=120)
[train ep 040/40] algo=ddqn steps=120 return=85.984 raw_profit=859841.6 loss=0.08334 eps=0.109 buf=6600 updates=5300
[eval  ep 040] greedy_profit=853509.3 ± 12259.7 (n=2, days=120)
saved best checkpoint → /Users/oliverhuang/Desktop/2026_furp_零售/logs/checkpoints/suite_ab/A_fixed_A2_ddqn_ws_best.pt (profit=857902.9)
[ddqn/ws] best_eval=857902.9375000002 (6s)
  EVAL ddqn/ws: 859097.8 ± 2177.8 (Δrule=+9297, Δbest=-4143)

=== TRAIN fixed_A2 | dueling/no_ws ===
[train] state_encoder=raw dim=94 action_space=coarse n_actions=18 algo=dueling forbid_expedite=True
[train ep 005/40] algo=dueling steps=120 return=84.904 raw_profit=849043.7 loss=nan eps=0.951 buf=600 updates=0
[eval  ep 005] greedy_profit=849037.8 ± 11770.2 (n=2, days=120)
[train ep 010/40] algo=dueling steps=120 return=85.415 raw_profit=854153.6 loss=0.05690 eps=0.901 buf=1200 updates=401
[eval  ep 010] greedy_profit=853927.5 ± 11579.3 (n=2, days=120)
[train ep 015/40] algo=dueling steps=120 return=85.617 raw_profit=856166.7 loss=0.03515 eps=0.852 buf=1800 updates=1001
[eval  ep 015] greedy_profit=853312.2 ± 11933.4 (n=2, days=120)
[train ep 020/40] algo=dueling steps=120 return=85.695 raw_profit=856950.7 loss=0.08415 eps=0.802 buf=2400 updates=1601
[eval  ep 020] greedy_profit=852084.1 ± 11325.0 (n=2, days=120)
[train ep 025/40] algo=dueling steps=120 return=85.851 raw_profit=858509.4 loss=0.07270 eps=0.752 buf=3000 updates=2201
[eval  ep 025] greedy_profit=855325.2 ± 11901.6 (n=2, days=120)
[train ep 030/40] algo=dueling steps=120 return=85.375 raw_profit=853752.7 loss=0.12159 eps=0.703 buf=3600 updates=2801
[eval  ep 030] greedy_profit=853793.5 ± 12451.7 (n=2, days=120)
[train ep 035/40] algo=dueling steps=120 return=85.545 raw_profit=855446.5 loss=0.14712 eps=0.653 buf=4200 updates=3401
[eval  ep 035] greedy_profit=851721.3 ± 11506.8 (n=2, days=120)
[train ep 040/40] algo=dueling steps=120 return=85.929 raw_profit=859290.9 loss=0.16771 eps=0.604 buf=4800 updates=4001
[eval  ep 040] greedy_profit=852842.0 ± 11740.4 (n=2, days=120)
saved best checkpoint → /Users/oliverhuang/Desktop/2026_furp_零售/logs/checkpoints/suite_ab/A_fixed_A2_dueling_no_ws_best.pt (profit=855325.2)
[dueling/no_ws] best_eval=855325.175 (5s)
  EVAL dueling/no_ws: 855670.3 ± 1884.7 (Δrule=+5870, Δbest=-7571)

=== TRAIN fixed_A2 | dueling/ws ===
[train] state_encoder=raw dim=94 action_space=coarse n_actions=18 algo=dueling forbid_expedite=True
[warmstart] collecting 15 rule episodes (forbid_expedite=True) ...
[warmstart rule ep 001/15] raw_profit=848381.3 buf=120
[warmstart rule ep 002/15] raw_profit=849640.8 buf=240
[warmstart rule ep 003/15] raw_profit=834973.5 buf=360
[warmstart rule ep 004/15] raw_profit=842751.0 buf=480
[warmstart rule ep 005/15] raw_profit=851986.9 buf=600
[warmstart rule ep 006/15] raw_profit=844780.8 buf=720
[warmstart rule ep 007/15] raw_profit=835568.1 buf=840
[warmstart rule ep 008/15] raw_profit=847423.6 buf=960
[warmstart rule ep 009/15] raw_profit=845506.0 buf=1080
[warmstart rule ep 010/15] raw_profit=853237.1 buf=1200
[warmstart rule ep 011/15] raw_profit=846762.9 buf=1320
[warmstart rule ep 012/15] raw_profit=846601.7 buf=1440
[warmstart rule ep 013/15] raw_profit=844074.3 buf=1560
[warmstart rule ep 014/15] raw_profit=844717.4 buf=1680
[warmstart rule ep 015/15] raw_profit=857698.9 buf=1800
[warmstart] behavioral cloning 1500 updates ...
[warmstart BC 0001/1500] loss=2.0261
[warmstart BC 0300/1500] loss=0.0000
[warmstart BC 0600/1500] loss=0.0000
[warmstart BC 0900/1500] loss=0.0000
[warmstart BC 1200/1500] loss=0.0000
[warmstart BC 1500/1500] loss=0.0000
[warmstart] pre-RL greedy eval profit=849037.8 ± 11770.2
[train ep 005/40] algo=dueling steps=120 return=85.662 raw_profit=856621.3 loss=484137.22087 eps=0.189 buf=2400 updates=1100
[eval  ep 005] greedy_profit=862438.4 ± 11826.0 (n=2, days=120)
[train ep 010/40] algo=dueling steps=120 return=86.142 raw_profit=861421.4 loss=417716.79429 eps=0.177 buf=3000 updates=1700
[eval  ep 010] greedy_profit=862438.4 ± 11826.0 (n=2, days=120)
[train ep 015/40] algo=dueling steps=120 return=86.406 raw_profit=864061.7 loss=259702.31073 eps=0.166 buf=3600 updates=2300
[eval  ep 015] greedy_profit=862438.4 ± 11826.0 (n=2, days=120)
[train ep 020/40] algo=dueling steps=120 return=86.312 raw_profit=863115.9 loss=276467.35531 eps=0.154 buf=4200 updates=2900
[eval  ep 020] greedy_profit=862438.4 ± 11826.0 (n=2, days=120)
[train ep 025/40] algo=dueling steps=120 return=86.377 raw_profit=863773.7 loss=227106.71143 eps=0.143 buf=4800 updates=3500
[eval  ep 025] greedy_profit=862438.4 ± 11826.0 (n=2, days=120)
[train ep 030/40] algo=dueling steps=120 return=86.009 raw_profit=860085.0 loss=220388.97809 eps=0.132 buf=5400 updates=4100
[eval  ep 030] greedy_profit=862438.8 ± 11826.6 (n=2, days=120)
[train ep 035/40] algo=dueling steps=120 return=86.421 raw_profit=864206.8 loss=188345.72797 eps=0.120 buf=6000 updates=4700
[eval  ep 035] greedy_profit=861970.8 ± 11844.6 (n=2, days=120)
[train ep 040/40] algo=dueling steps=120 return=86.733 raw_profit=867326.3 loss=180833.65378 eps=0.109 buf=6600 updates=5300
[eval  ep 040] greedy_profit=861708.5 ± 11832.1 (n=2, days=120)
saved best checkpoint → /Users/oliverhuang/Desktop/2026_furp_零售/logs/checkpoints/suite_ab/A_fixed_A2_dueling_ws_best.pt (profit=862438.8)
[dueling/ws] best_eval=862438.8124999998 (8s)
  EVAL dueling/ws: 863229.4 ± 2063.7 (Δrule=+13429, Δbest=-12)

=== TRAIN fixed_A2 | d3qn/no_ws ===
[train] state_encoder=raw dim=94 action_space=coarse n_actions=18 algo=d3qn forbid_expedite=True
[train ep 005/40] algo=d3qn steps=120 return=84.904 raw_profit=849043.7 loss=nan eps=0.951 buf=600 updates=0
[eval  ep 005] greedy_profit=849037.8 ± 11770.2 (n=2, days=120)
[train ep 010/40] algo=d3qn steps=120 return=85.441 raw_profit=854412.2 loss=0.41780 eps=0.901 buf=1200 updates=401
[eval  ep 010] greedy_profit=858084.1 ± 11923.7 (n=2, days=120)
[train ep 015/40] algo=d3qn steps=120 return=85.643 raw_profit=856427.3 loss=0.05682 eps=0.852 buf=1800 updates=1001
[eval  ep 015] greedy_profit=855475.6 ± 12360.4 (n=2, days=120)
[train ep 020/40] algo=d3qn steps=120 return=85.711 raw_profit=857113.3 loss=0.06763 eps=0.802 buf=2400 updates=1601
[eval  ep 020] greedy_profit=852495.6 ± 12221.5 (n=2, days=120)
[train ep 025/40] algo=d3qn steps=120 return=85.806 raw_profit=858060.9 loss=0.04262 eps=0.752 buf=3000 updates=2201
[eval  ep 025] greedy_profit=853461.7 ± 12607.2 (n=2, days=120)
[train ep 030/40] algo=d3qn steps=120 return=85.257 raw_profit=852570.4 loss=0.06753 eps=0.703 buf=3600 updates=2801
[eval  ep 030] greedy_profit=852960.0 ± 12748.8 (n=2, days=120)
[train ep 035/40] algo=d3qn steps=120 return=85.556 raw_profit=855561.3 loss=0.09107 eps=0.653 buf=4200 updates=3401
[eval  ep 035] greedy_profit=850958.3 ± 12474.2 (n=2, days=120)
[train ep 040/40] algo=d3qn steps=120 return=85.907 raw_profit=859074.6 loss=0.11495 eps=0.604 buf=4800 updates=4001
[eval  ep 040] greedy_profit=853069.5 ± 12074.4 (n=2, days=120)
saved best checkpoint → /Users/oliverhuang/Desktop/2026_furp_零售/logs/checkpoints/suite_ab/A_fixed_A2_d3qn_no_ws_best.pt (profit=858084.1)
[d3qn/no_ws] best_eval=858084.05 (5s)
  EVAL d3qn/no_ws: 858785.9 ± 2223.4 (Δrule=+8985, Δbest=-4455)

=== TRAIN fixed_A2 | d3qn/ws ===
[train] state_encoder=raw dim=94 action_space=coarse n_actions=18 algo=d3qn forbid_expedite=True
[warmstart] collecting 15 rule episodes (forbid_expedite=True) ...
[warmstart rule ep 001/15] raw_profit=848381.3 buf=120
[warmstart rule ep 002/15] raw_profit=849640.8 buf=240
[warmstart rule ep 003/15] raw_profit=834973.5 buf=360
[warmstart rule ep 004/15] raw_profit=842751.0 buf=480
[warmstart rule ep 005/15] raw_profit=851986.9 buf=600
[warmstart rule ep 006/15] raw_profit=844780.8 buf=720
[warmstart rule ep 007/15] raw_profit=835568.1 buf=840
[warmstart rule ep 008/15] raw_profit=847423.6 buf=960
[warmstart rule ep 009/15] raw_profit=845506.0 buf=1080
[warmstart rule ep 010/15] raw_profit=853237.1 buf=1200
[warmstart rule ep 011/15] raw_profit=846762.9 buf=1320
[warmstart rule ep 012/15] raw_profit=846601.7 buf=1440
[warmstart rule ep 013/15] raw_profit=844074.3 buf=1560
[warmstart rule ep 014/15] raw_profit=844717.4 buf=1680
[warmstart rule ep 015/15] raw_profit=857698.9 buf=1800
[warmstart] behavioral cloning 1500 updates ...
[warmstart BC 0001/1500] loss=2.0261
[warmstart BC 0300/1500] loss=0.0000
[warmstart BC 0600/1500] loss=0.0000
[warmstart BC 0900/1500] loss=0.0000
[warmstart BC 1200/1500] loss=0.0000
[warmstart BC 1500/1500] loss=0.0000
[warmstart] pre-RL greedy eval profit=849037.8 ± 11770.2
[train ep 005/40] algo=d3qn steps=120 return=85.662 raw_profit=856621.3 loss=487080.37272 eps=0.189 buf=2400 updates=1100
[eval  ep 005] greedy_profit=862438.4 ± 11826.0 (n=2, days=120)
[train ep 010/40] algo=d3qn steps=120 return=86.142 raw_profit=861421.4 loss=419573.45047 eps=0.177 buf=3000 updates=1700
[eval  ep 010] greedy_profit=862438.4 ± 11826.0 (n=2, days=120)
[train ep 015/40] algo=d3qn steps=120 return=86.406 raw_profit=864061.7 loss=261037.04569 eps=0.166 buf=3600 updates=2300
[eval  ep 015] greedy_profit=862438.4 ± 11826.0 (n=2, days=120)
[train ep 020/40] algo=d3qn steps=120 return=86.312 raw_profit=863115.9 loss=276941.63271 eps=0.154 buf=4200 updates=2900
[eval  ep 020] greedy_profit=862438.4 ± 11826.0 (n=2, days=120)
[train ep 025/40] algo=d3qn steps=120 return=86.377 raw_profit=863773.7 loss=226628.86144 eps=0.143 buf=4800 updates=3500
[eval  ep 025] greedy_profit=862438.4 ± 11826.0 (n=2, days=120)
[train ep 030/40] algo=d3qn steps=120 return=86.009 raw_profit=860085.0 loss=219644.15889 eps=0.132 buf=5400 updates=4100
[eval  ep 030] greedy_profit=862438.4 ± 11826.0 (n=2, days=120)
[train ep 035/40] algo=d3qn steps=120 return=86.487 raw_profit=864869.5 loss=185630.26157 eps=0.120 buf=6000 updates=4700
[eval  ep 035] greedy_profit=862002.7 ± 12032.2 (n=2, days=120)
[train ep 040/40] algo=d3qn steps=120 return=86.733 raw_profit=867326.3 loss=177813.42893 eps=0.109 buf=6600 updates=5300
[eval  ep 040] greedy_profit=861744.4 ± 11882.9 (n=2, days=120)
saved best checkpoint → /Users/oliverhuang/Desktop/2026_furp_零售/logs/checkpoints/suite_ab/A_fixed_A2_d3qn_ws_best.pt (profit=862438.4)
[d3qn/ws] best_eval=862438.4124999999 (8s)
  EVAL d3qn/ws: 863241.0 ± 2067.4 (Δrule=+13441, Δbest=+0)

=== TRAIN fixed_A2 | ppo/no_ws ===
[train PPO] encoder=raw dim=94 n_actions=18 forbid_e1=True
[train PPO ep 001/40] raw_profit=850933.7 loss=55.1451
[train PPO ep 005/40] raw_profit=851635.9 loss=51.7245
[eval  PPO ep 005] greedy_profit=862438.4 ± 11826.0
[train PPO ep 010/40] raw_profit=855505.9 loss=46.2778
[eval  PPO ep 010] greedy_profit=862438.4 ± 11826.0
[train PPO ep 015/40] raw_profit=856153.2 loss=38.7333
[eval  PPO ep 015] greedy_profit=862438.4 ± 11826.0
[train PPO ep 020/40] raw_profit=856940.1 loss=31.0000
[eval  PPO ep 020] greedy_profit=848988.4 ± 11778.3
[train PPO ep 025/40] raw_profit=855525.3 loss=32.2001
[eval  PPO ep 025] greedy_profit=848988.4 ± 11778.3
[train PPO ep 030/40] raw_profit=850153.4 loss=44.2705
[eval  PPO ep 030] greedy_profit=848988.4 ± 11778.3
[train PPO ep 035/40] raw_profit=851732.4 loss=47.0829
[eval  PPO ep 035] greedy_profit=848988.4 ± 11778.3
[train PPO ep 040/40] raw_profit=855222.4 loss=44.9412
[eval  PPO ep 040] greedy_profit=848988.4 ± 11778.3
saved best checkpoint → /Users/oliverhuang/Desktop/2026_furp_零售/logs/checkpoints/suite_ab/A_fixed_A2_ppo_no_ws_best.pt (profit=862438.4)
[ppo/no_ws] best_eval=862438.4124999999 (3s)
  EVAL ppo/no_ws: 863241.0 ± 2067.4 (Δrule=+13441, Δbest=+0)

=== TRAIN fixed_A2 | ppo/ws ===
[train PPO] encoder=raw dim=94 n_actions=18 forbid_e1=True
[warmstart] collecting 15 rule episodes ...
[warmstart PPO-BC 0001/1500] loss=2.1965
[warmstart PPO-BC 0300/1500] loss=0.0000
[warmstart PPO-BC 0600/1500] loss=0.0000
[warmstart PPO-BC 0900/1500] loss=0.0000
[warmstart PPO-BC 1200/1500] loss=0.0000
[warmstart PPO-BC 1500/1500] loss=0.0000
[warmstart] pre-RL greedy eval=849037.8
[train PPO ep 001/40] raw_profit=846091.0 loss=47.8212
[train PPO ep 005/40] raw_profit=845924.7 loss=34.8466
[eval  PPO ep 005] greedy_profit=849037.8 ± 11770.2
[train PPO ep 010/40] raw_profit=850532.0 loss=28.3939
[eval  PPO ep 010] greedy_profit=849037.8 ± 11770.2
[train PPO ep 015/40] raw_profit=851620.8 loss=39.7881
[eval  PPO ep 015] greedy_profit=849037.8 ± 11770.2
[train PPO ep 020/40] raw_profit=852776.8 loss=45.7128
[eval  PPO ep 020] greedy_profit=849037.8 ± 11770.2
[train PPO ep 025/40] raw_profit=853072.0 loss=44.5799
[eval  PPO ep 025] greedy_profit=849037.8 ± 11770.2
[train PPO ep 030/40] raw_profit=848942.5 loss=42.6137
[eval  PPO ep 030] greedy_profit=849037.8 ± 11770.2
[train PPO ep 035/40] raw_profit=851766.7 loss=42.4210
[eval  PPO ep 035] greedy_profit=849037.8 ± 11770.2
[train PPO ep 040/40] raw_profit=855324.7 loss=41.4645
[eval  PPO ep 040] greedy_profit=849037.8 ± 11770.2
saved best checkpoint → /Users/oliverhuang/Desktop/2026_furp_零售/logs/checkpoints/suite_ab/A_fixed_A2_ppo_ws_best.pt (profit=849037.8)
[ppo/ws] best_eval=849037.8249999998 (4s)
  EVAL ppo/ws: 849800.5 ± 1949.4 (Δrule=+0, Δbest=-13441)

######## A/fixed_A3 mode=none profile=pdf fixed=(3,0) H=15+120 n_rep=10 ########
--- baselines ---
  baseline fixed_0_(s,S): -480346.7 ± 983.4
  baseline best_fixed_1: -480346.7 ± 983.4
  baseline rule_based: -480346.7 ± 983.4

=== TRAIN fixed_A3 | dqn/no_ws ===
[train] state_encoder=raw dim=94 action_space=coarse n_actions=18 algo=dqn forbid_expedite=True
[train ep 005/40] algo=dqn steps=120 return=-47.849 raw_profit=-478487.5 loss=nan eps=0.951 buf=600 updates=0
[eval  ep 005] greedy_profit=-480383.8 ± 5252.0 (n=2, days=120)
[train ep 010/40] algo=dqn steps=120 return=-48.033 raw_profit=-480327.5 loss=0.00286 eps=0.901 buf=1200 updates=401
[eval  ep 010] greedy_profit=-480383.8 ± 5252.0 (n=2, days=120)
[train ep 015/40] algo=dqn steps=120 return=-48.164 raw_profit=-481635.0 loss=0.00213 eps=0.852 buf=1800 updates=1001
[eval  ep 015] greedy_profit=-480383.8 ± 5252.0 (n=2, days=120)
[train ep 020/40] algo=dqn steps=120 return=-48.254 raw_profit=-482545.0 loss=0.01105 eps=0.802 buf=2400 updates=1601
[eval  ep 020] greedy_profit=-480383.8 ± 5252.0 (n=2, days=120)
[train ep 025/40] algo=dqn steps=120 return=-48.223 raw_profit=-482225.0 loss=0.00746 eps=0.752 buf=3000 updates=2201
[eval  ep 025] greedy_profit=-480383.8 ± 5252.0 (n=2, days=120)
[train ep 030/40] algo=dqn steps=120 return=-48.026 raw_profit=-480260.0 loss=0.01577 eps=0.703 buf=3600 updates=2801
[eval  ep 030] greedy_profit=-480383.8 ± 5252.0 (n=2, days=120)
[train ep 035/40] algo=dqn steps=120 return=-48.147 raw_profit=-481467.5 loss=0.02007 eps=0.653 buf=4200 updates=3401
[eval  ep 035] greedy_profit=-480383.8 ± 5252.0 (n=2, days=120)
[train ep 040/40] algo=dqn steps=120 return=-48.349 raw_profit=-483495.0 loss=0.02313 eps=0.604 buf=4800 updates=4001
[eval  ep 040] greedy_profit=-480383.8 ± 5252.0 (n=2, days=120)
saved best checkpoint → /Users/oliverhuang/Desktop/2026_furp_零售/logs/checkpoints/suite_ab/A_fixed_A3_dqn_no_ws_best.pt (profit=-480383.8)
[dqn/no_ws] best_eval=-480383.75 (4s)
  EVAL dqn/no_ws: -480346.7 ± 983.4 (Δrule=+0, Δbest=+0)

=== TRAIN fixed_A3 | dqn/ws ===
[train] state_encoder=raw dim=94 action_space=coarse n_actions=18 algo=dqn forbid_expedite=True
[warmstart] collecting 15 rule episodes (forbid_expedite=True) ...
[warmstart rule ep 001/15] raw_profit=-480292.5 buf=120
[warmstart rule ep 002/15] raw_profit=-480840.0 buf=240
[warmstart rule ep 003/15] raw_profit=-473782.5 buf=360
[warmstart rule ep 004/15] raw_profit=-476696.8 buf=480
[warmstart rule ep 005/15] raw_profit=-481057.5 buf=600
[warmstart rule ep 006/15] raw_profit=-478577.5 buf=720
[warmstart rule ep 007/15] raw_profit=-474255.0 buf=840
[warmstart rule ep 008/15] raw_profit=-480090.0 buf=960
[warmstart rule ep 009/15] raw_profit=-479277.5 buf=1080
[warmstart rule ep 010/15] raw_profit=-482680.0 buf=1200
[warmstart rule ep 011/15] raw_profit=-479633.4 buf=1320
[warmstart rule ep 012/15] raw_profit=-479278.4 buf=1440
[warmstart rule ep 013/15] raw_profit=-477935.0 buf=1560
[warmstart rule ep 014/15] raw_profit=-477925.0 buf=1680
[warmstart rule ep 015/15] raw_profit=-484638.4 buf=1800
[warmstart] behavioral cloning 1500 updates ...
[warmstart BC 0001/1500] loss=2.7733
[warmstart BC 0300/1500] loss=0.0001
[warmstart BC 0600/1500] loss=0.0000
[warmstart BC 0900/1500] loss=0.0000
[warmstart BC 1200/1500] loss=0.0000
[warmstart BC 1500/1500] loss=0.0000
[warmstart] pre-RL greedy eval profit=-480383.8 ± 5252.0
[train ep 005/40] algo=dqn steps=120 return=-47.849 raw_profit=-478487.5 loss=1.20962 eps=0.189 buf=2400 updates=1100
[eval  ep 005] greedy_profit=-480383.8 ± 5252.0 (n=2, days=120)
[train ep 010/40] algo=dqn steps=120 return=-48.033 raw_profit=-480327.5 loss=0.93407 eps=0.177 buf=3000 updates=1700
[eval  ep 010] greedy_profit=-480383.8 ± 5252.0 (n=2, days=120)
[train ep 015/40] algo=dqn steps=120 return=-48.164 raw_profit=-481635.0 loss=0.55699 eps=0.166 buf=3600 updates=2300
[eval  ep 015] greedy_profit=-480383.8 ± 5252.0 (n=2, days=120)
[train ep 020/40] algo=dqn steps=120 return=-48.254 raw_profit=-482545.0 loss=0.55082 eps=0.154 buf=4200 updates=2900
[eval  ep 020] greedy_profit=-480383.8 ± 5252.0 (n=2, days=120)
[train ep 025/40] algo=dqn steps=120 return=-48.223 raw_profit=-482225.0 loss=0.45760 eps=0.143 buf=4800 updates=3500
[eval  ep 025] greedy_profit=-480383.8 ± 5252.0 (n=2, days=120)
[train ep 030/40] algo=dqn steps=120 return=-48.026 raw_profit=-480260.0 loss=0.38391 eps=0.132 buf=5400 updates=4100
[eval  ep 030] greedy_profit=-480383.8 ± 5252.0 (n=2, days=120)
[train ep 035/40] algo=dqn steps=120 return=-48.147 raw_profit=-481467.5 loss=0.30366 eps=0.120 buf=6000 updates=4700
[eval  ep 035] greedy_profit=-480383.8 ± 5252.0 (n=2, days=120)
[train ep 040/40] algo=dqn steps=120 return=-48.349 raw_profit=-483495.0 loss=0.23580 eps=0.109 buf=6600 updates=5300
[eval  ep 040] greedy_profit=-480383.8 ± 5252.0 (n=2, days=120)
saved best checkpoint → /Users/oliverhuang/Desktop/2026_furp_零售/logs/checkpoints/suite_ab/A_fixed_A3_dqn_ws_best.pt (profit=-480383.8)
[dqn/ws] best_eval=-480383.75 (6s)
  EVAL dqn/ws: -480346.7 ± 983.4 (Δrule=+0, Δbest=+0)

=== TRAIN fixed_A3 | ddqn/no_ws ===
[train] state_encoder=raw dim=94 action_space=coarse n_actions=18 algo=ddqn forbid_expedite=True
[train ep 005/40] algo=ddqn steps=120 return=-47.849 raw_profit=-478487.5 loss=nan eps=0.951 buf=600 updates=0
[eval  ep 005] greedy_profit=-480383.8 ± 5252.0 (n=2, days=120)
[train ep 010/40] algo=ddqn steps=120 return=-48.033 raw_profit=-480327.5 loss=0.05909 eps=0.901 buf=1200 updates=401
[eval  ep 010] greedy_profit=-480383.8 ± 5252.0 (n=2, days=120)
[train ep 015/40] algo=ddqn steps=120 return=-48.164 raw_profit=-481635.0 loss=0.00545 eps=0.852 buf=1800 updates=1001
[eval  ep 015] greedy_profit=-480383.8 ± 5252.0 (n=2, days=120)
[train ep 020/40] algo=ddqn steps=120 return=-48.254 raw_profit=-482545.0 loss=0.02269 eps=0.802 buf=2400 updates=1601
[eval  ep 020] greedy_profit=-480383.8 ± 5252.0 (n=2, days=120)
[train ep 025/40] algo=ddqn steps=120 return=-48.223 raw_profit=-482225.0 loss=0.01808 eps=0.752 buf=3000 updates=2201
[eval  ep 025] greedy_profit=-480383.8 ± 5252.0 (n=2, days=120)
[train ep 030/40] algo=ddqn steps=120 return=-48.026 raw_profit=-480260.0 loss=0.03368 eps=0.703 buf=3600 updates=2801
[eval  ep 030] greedy_profit=-480383.8 ± 5252.0 (n=2, days=120)
[train ep 035/40] algo=ddqn steps=120 return=-48.147 raw_profit=-481467.5 loss=0.03850 eps=0.653 buf=4200 updates=3401
[eval  ep 035] greedy_profit=-480383.8 ± 5252.0 (n=2, days=120)
[train ep 040/40] algo=ddqn steps=120 return=-48.349 raw_profit=-483495.0 loss=0.04183 eps=0.604 buf=4800 updates=4001
[eval  ep 040] greedy_profit=-480383.8 ± 5252.0 (n=2, days=120)
saved best checkpoint → /Users/oliverhuang/Desktop/2026_furp_零售/logs/checkpoints/suite_ab/A_fixed_A3_ddqn_no_ws_best.pt (profit=-480383.8)
[ddqn/no_ws] best_eval=-480383.75 (5s)
  EVAL ddqn/no_ws: -480346.7 ± 983.4 (Δrule=+0, Δbest=+0)

=== TRAIN fixed_A3 | ddqn/ws ===
[train] state_encoder=raw dim=94 action_space=coarse n_actions=18 algo=ddqn forbid_expedite=True
[warmstart] collecting 15 rule episodes (forbid_expedite=True) ...
[warmstart rule ep 001/15] raw_profit=-480292.5 buf=120
[warmstart rule ep 002/15] raw_profit=-480840.0 buf=240
[warmstart rule ep 003/15] raw_profit=-473782.5 buf=360
[warmstart rule ep 004/15] raw_profit=-476696.8 buf=480
[warmstart rule ep 005/15] raw_profit=-481057.5 buf=600
[warmstart rule ep 006/15] raw_profit=-478577.5 buf=720
[warmstart rule ep 007/15] raw_profit=-474255.0 buf=840
[warmstart rule ep 008/15] raw_profit=-480090.0 buf=960
[warmstart rule ep 009/15] raw_profit=-479277.5 buf=1080
[warmstart rule ep 010/15] raw_profit=-482680.0 buf=1200
[warmstart rule ep 011/15] raw_profit=-479633.4 buf=1320
[warmstart rule ep 012/15] raw_profit=-479278.4 buf=1440
[warmstart rule ep 013/15] raw_profit=-477935.0 buf=1560
[warmstart rule ep 014/15] raw_profit=-477925.0 buf=1680
[warmstart rule ep 015/15] raw_profit=-484638.4 buf=1800
[warmstart] behavioral cloning 1500 updates ...
[warmstart BC 0001/1500] loss=2.7733
[warmstart BC 0300/1500] loss=0.0001
[warmstart BC 0600/1500] loss=0.0000
[warmstart BC 0900/1500] loss=0.0000
[warmstart BC 1200/1500] loss=0.0000
[warmstart BC 1500/1500] loss=0.0000
[warmstart] pre-RL greedy eval profit=-480383.8 ± 5252.0
[train ep 005/40] algo=ddqn steps=120 return=-47.849 raw_profit=-478487.5 loss=1.14589 eps=0.189 buf=2400 updates=1100
[eval  ep 005] greedy_profit=-480383.8 ± 5252.0 (n=2, days=120)
[train ep 010/40] algo=ddqn steps=120 return=-48.033 raw_profit=-480327.5 loss=0.68972 eps=0.177 buf=3000 updates=1700
[eval  ep 010] greedy_profit=-480383.8 ± 5252.0 (n=2, days=120)
[train ep 015/40] algo=ddqn steps=120 return=-48.164 raw_profit=-481635.0 loss=0.39219 eps=0.166 buf=3600 updates=2300
[eval  ep 015] greedy_profit=-480383.8 ± 5252.0 (n=2, days=120)
[train ep 020/40] algo=ddqn steps=120 return=-48.254 raw_profit=-482545.0 loss=0.38234 eps=0.154 buf=4200 updates=2900
[eval  ep 020] greedy_profit=-480383.8 ± 5252.0 (n=2, days=120)
[train ep 025/40] algo=ddqn steps=120 return=-48.223 raw_profit=-482225.0 loss=0.31917 eps=0.143 buf=4800 updates=3500
[eval  ep 025] greedy_profit=-480383.8 ± 5252.0 (n=2, days=120)
[train ep 030/40] algo=ddqn steps=120 return=-48.026 raw_profit=-480260.0 loss=0.25496 eps=0.132 buf=5400 updates=4100
[eval  ep 030] greedy_profit=-480383.8 ± 5252.0 (n=2, days=120)
[train ep 035/40] algo=ddqn steps=120 return=-48.147 raw_profit=-481467.5 loss=0.18005 eps=0.120 buf=6000 updates=4700
[eval  ep 035] greedy_profit=-480383.8 ± 5252.0 (n=2, days=120)
[train ep 040/40] algo=ddqn steps=120 return=-48.349 raw_profit=-483495.0 loss=0.12985 eps=0.109 buf=6600 updates=5300
[eval  ep 040] greedy_profit=-480383.8 ± 5252.0 (n=2, days=120)
saved best checkpoint → /Users/oliverhuang/Desktop/2026_furp_零售/logs/checkpoints/suite_ab/A_fixed_A3_ddqn_ws_best.pt (profit=-480383.8)
[ddqn/ws] best_eval=-480383.75 (6s)
  EVAL ddqn/ws: -480346.7 ± 983.4 (Δrule=+0, Δbest=+0)

=== TRAIN fixed_A3 | dueling/no_ws ===
[train] state_encoder=raw dim=94 action_space=coarse n_actions=18 algo=dueling forbid_expedite=True
[train ep 005/40] algo=dueling steps=120 return=-47.849 raw_profit=-478487.5 loss=nan eps=0.951 buf=600 updates=0
[eval  ep 005] greedy_profit=-480383.8 ± 5252.0 (n=2, days=120)
[train ep 010/40] algo=dueling steps=120 return=-48.033 raw_profit=-480327.5 loss=0.00091 eps=0.901 buf=1200 updates=401
[eval  ep 010] greedy_profit=-480383.8 ± 5252.0 (n=2, days=120)
[train ep 015/40] algo=dueling steps=120 return=-48.164 raw_profit=-481635.0 loss=0.00322 eps=0.852 buf=1800 updates=1001
[eval  ep 015] greedy_profit=-480383.8 ± 5252.0 (n=2, days=120)
[train ep 020/40] algo=dueling steps=120 return=-48.254 raw_profit=-482545.0 loss=0.01530 eps=0.802 buf=2400 updates=1601
[eval  ep 020] greedy_profit=-480383.8 ± 5252.0 (n=2, days=120)
[train ep 025/40] algo=dueling steps=120 return=-48.223 raw_profit=-482225.0 loss=0.01091 eps=0.752 buf=3000 updates=2201
[eval  ep 025] greedy_profit=-480383.8 ± 5252.0 (n=2, days=120)
[train ep 030/40] algo=dueling steps=120 return=-48.026 raw_profit=-480260.0 loss=0.01897 eps=0.703 buf=3600 updates=2801
[eval  ep 030] greedy_profit=-480383.8 ± 5252.0 (n=2, days=120)
[train ep 035/40] algo=dueling steps=120 return=-48.147 raw_profit=-481467.5 loss=0.02198 eps=0.653 buf=4200 updates=3401
[eval  ep 035] greedy_profit=-480383.8 ± 5252.0 (n=2, days=120)
[train ep 040/40] algo=dueling steps=120 return=-48.349 raw_profit=-483495.0 loss=0.02249 eps=0.604 buf=4800 updates=4001
[eval  ep 040] greedy_profit=-480383.8 ± 5252.0 (n=2, days=120)
saved best checkpoint → /Users/oliverhuang/Desktop/2026_furp_零售/logs/checkpoints/suite_ab/A_fixed_A3_dueling_no_ws_best.pt (profit=-480383.8)
[dueling/no_ws] best_eval=-480383.75 (5s)
  EVAL dueling/no_ws: -480346.7 ± 983.4 (Δrule=+0, Δbest=+0)

=== TRAIN fixed_A3 | dueling/ws ===
[train] state_encoder=raw dim=94 action_space=coarse n_actions=18 algo=dueling forbid_expedite=True
[warmstart] collecting 15 rule episodes (forbid_expedite=True) ...
[warmstart rule ep 001/15] raw_profit=-480292.5 buf=120
[warmstart rule ep 002/15] raw_profit=-480840.0 buf=240
[warmstart rule ep 003/15] raw_profit=-473782.5 buf=360
[warmstart rule ep 004/15] raw_profit=-476696.8 buf=480
[warmstart rule ep 005/15] raw_profit=-481057.5 buf=600
[warmstart rule ep 006/15] raw_profit=-478577.5 buf=720
[warmstart rule ep 007/15] raw_profit=-474255.0 buf=840
[warmstart rule ep 008/15] raw_profit=-480090.0 buf=960
[warmstart rule ep 009/15] raw_profit=-479277.5 buf=1080
[warmstart rule ep 010/15] raw_profit=-482680.0 buf=1200
[warmstart rule ep 011/15] raw_profit=-479633.4 buf=1320
[warmstart rule ep 012/15] raw_profit=-479278.4 buf=1440
[warmstart rule ep 013/15] raw_profit=-477935.0 buf=1560
[warmstart rule ep 014/15] raw_profit=-477925.0 buf=1680
[warmstart rule ep 015/15] raw_profit=-484638.4 buf=1800
[warmstart] behavioral cloning 1500 updates ...
[warmstart BC 0001/1500] loss=2.4222
[warmstart BC 0300/1500] loss=0.0001
[warmstart BC 0600/1500] loss=0.0000
[warmstart BC 0900/1500] loss=0.0000
[warmstart BC 1200/1500] loss=0.0000
[warmstart BC 1500/1500] loss=0.0000
[warmstart] pre-RL greedy eval profit=-480383.8 ± 5252.0
[train ep 005/40] algo=dueling steps=120 return=-47.849 raw_profit=-478487.5 loss=29375.76396 eps=0.189 buf=2400 updates=1100
[eval  ep 005] greedy_profit=-480383.8 ± 5252.0 (n=2, days=120)
[train ep 010/40] algo=dueling steps=120 return=-48.033 raw_profit=-480327.5 loss=28432.14827 eps=0.177 buf=3000 updates=1700
[eval  ep 010] greedy_profit=-480383.8 ± 5252.0 (n=2, days=120)
[train ep 015/40] algo=dueling steps=120 return=-48.164 raw_profit=-481635.0 loss=18220.48869 eps=0.166 buf=3600 updates=2300
[eval  ep 015] greedy_profit=-480383.8 ± 5252.0 (n=2, days=120)
[train ep 020/40] algo=dueling steps=120 return=-48.254 raw_profit=-482545.0 loss=19613.21465 eps=0.154 buf=4200 updates=2900
[eval  ep 020] greedy_profit=-480383.8 ± 5252.0 (n=2, days=120)
[train ep 025/40] algo=dueling steps=120 return=-48.223 raw_profit=-482225.0 loss=17686.92541 eps=0.143 buf=4800 updates=3500
[eval  ep 025] greedy_profit=-480383.8 ± 5252.0 (n=2, days=120)
[train ep 030/40] algo=dueling steps=120 return=-48.026 raw_profit=-480260.0 loss=18071.22258 eps=0.132 buf=5400 updates=4100
[eval  ep 030] greedy_profit=-480383.8 ± 5252.0 (n=2, days=120)
[train ep 035/40] algo=dueling steps=120 return=-48.147 raw_profit=-481467.5 loss=15783.54283 eps=0.120 buf=6000 updates=4700
[eval  ep 035] greedy_profit=-480383.8 ± 5252.0 (n=2, days=120)
[train ep 040/40] algo=dueling steps=120 return=-48.349 raw_profit=-483495.0 loss=15184.78329 eps=0.109 buf=6600 updates=5300
[eval  ep 040] greedy_profit=-480383.8 ± 5252.0 (n=2, days=120)
saved best checkpoint → /Users/oliverhuang/Desktop/2026_furp_零售/logs/checkpoints/suite_ab/A_fixed_A3_dueling_ws_best.pt (profit=-480383.8)
[dueling/ws] best_eval=-480383.75 (7s)
  EVAL dueling/ws: -480346.7 ± 983.4 (Δrule=+0, Δbest=+0)

=== TRAIN fixed_A3 | d3qn/no_ws ===
[train] state_encoder=raw dim=94 action_space=coarse n_actions=18 algo=d3qn forbid_expedite=True
[train ep 005/40] algo=d3qn steps=120 return=-47.849 raw_profit=-478487.5 loss=nan eps=0.951 buf=600 updates=0
[eval  ep 005] greedy_profit=-480383.8 ± 5252.0 (n=2, days=120)
[train ep 010/40] algo=d3qn steps=120 return=-48.033 raw_profit=-480327.5 loss=0.09931 eps=0.901 buf=1200 updates=401
[eval  ep 010] greedy_profit=-480383.8 ± 5252.0 (n=2, days=120)
[train ep 015/40] algo=d3qn steps=120 return=-48.164 raw_profit=-481635.0 loss=0.00610 eps=0.852 buf=1800 updates=1001
[eval  ep 015] greedy_profit=-480383.8 ± 5252.0 (n=2, days=120)
[train ep 020/40] algo=d3qn steps=120 return=-48.254 raw_profit=-482545.0 loss=0.02124 eps=0.802 buf=2400 updates=1601
[eval  ep 020] greedy_profit=-480383.8 ± 5252.0 (n=2, days=120)
[train ep 025/40] algo=d3qn steps=120 return=-48.223 raw_profit=-482225.0 loss=0.01575 eps=0.752 buf=3000 updates=2201
[eval  ep 025] greedy_profit=-480383.8 ± 5252.0 (n=2, days=120)
[train ep 030/40] algo=d3qn steps=120 return=-48.026 raw_profit=-480260.0 loss=0.02528 eps=0.703 buf=3600 updates=2801
[eval  ep 030] greedy_profit=-480383.8 ± 5252.0 (n=2, days=120)
[train ep 035/40] algo=d3qn steps=120 return=-48.147 raw_profit=-481467.5 loss=0.02809 eps=0.653 buf=4200 updates=3401
[eval  ep 035] greedy_profit=-480383.8 ± 5252.0 (n=2, days=120)
[train ep 040/40] algo=d3qn steps=120 return=-48.349 raw_profit=-483495.0 loss=0.02911 eps=0.604 buf=4800 updates=4001
[eval  ep 040] greedy_profit=-480383.8 ± 5252.0 (n=2, days=120)
saved best checkpoint → /Users/oliverhuang/Desktop/2026_furp_零售/logs/checkpoints/suite_ab/A_fixed_A3_d3qn_no_ws_best.pt (profit=-480383.8)
[d3qn/no_ws] best_eval=-480383.75 (5s)
  EVAL d3qn/no_ws: -480346.7 ± 983.4 (Δrule=+0, Δbest=+0)

=== TRAIN fixed_A3 | d3qn/ws ===
[train] state_encoder=raw dim=94 action_space=coarse n_actions=18 algo=d3qn forbid_expedite=True
[warmstart] collecting 15 rule episodes (forbid_expedite=True) ...
[warmstart rule ep 001/15] raw_profit=-480292.5 buf=120
[warmstart rule ep 002/15] raw_profit=-480840.0 buf=240
[warmstart rule ep 003/15] raw_profit=-473782.5 buf=360
[warmstart rule ep 004/15] raw_profit=-476696.8 buf=480
[warmstart rule ep 005/15] raw_profit=-481057.5 buf=600
[warmstart rule ep 006/15] raw_profit=-478577.5 buf=720
[warmstart rule ep 007/15] raw_profit=-474255.0 buf=840
[warmstart rule ep 008/15] raw_profit=-480090.0 buf=960
[warmstart rule ep 009/15] raw_profit=-479277.5 buf=1080
[warmstart rule ep 010/15] raw_profit=-482680.0 buf=1200
[warmstart rule ep 011/15] raw_profit=-479633.4 buf=1320
[warmstart rule ep 012/15] raw_profit=-479278.4 buf=1440
[warmstart rule ep 013/15] raw_profit=-477935.0 buf=1560
[warmstart rule ep 014/15] raw_profit=-477925.0 buf=1680
[warmstart rule ep 015/15] raw_profit=-484638.4 buf=1800
[warmstart] behavioral cloning 1500 updates ...
[warmstart BC 0001/1500] loss=2.4222
[warmstart BC 0300/1500] loss=0.0001
[warmstart BC 0600/1500] loss=0.0000
[warmstart BC 0900/1500] loss=0.0000
[warmstart BC 1200/1500] loss=0.0000
[warmstart BC 1500/1500] loss=0.0000
[warmstart] pre-RL greedy eval profit=-480383.8 ± 5252.0
[train ep 005/40] algo=d3qn steps=120 return=-47.849 raw_profit=-478487.5 loss=29375.76396 eps=0.189 buf=2400 updates=1100
[eval  ep 005] greedy_profit=-480383.8 ± 5252.0 (n=2, days=120)
[train ep 010/40] algo=d3qn steps=120 return=-48.033 raw_profit=-480327.5 loss=28432.14827 eps=0.177 buf=3000 updates=1700
[eval  ep 010] greedy_profit=-480383.8 ± 5252.0 (n=2, days=120)
[train ep 015/40] algo=d3qn steps=120 return=-48.164 raw_profit=-481635.0 loss=18220.48869 eps=0.166 buf=3600 updates=2300
[eval  ep 015] greedy_profit=-480383.8 ± 5252.0 (n=2, days=120)
[train ep 020/40] algo=d3qn steps=120 return=-48.254 raw_profit=-482545.0 loss=19613.21465 eps=0.154 buf=4200 updates=2900
[eval  ep 020] greedy_profit=-480383.8 ± 5252.0 (n=2, days=120)
[train ep 025/40] algo=d3qn steps=120 return=-48.223 raw_profit=-482225.0 loss=17686.92541 eps=0.143 buf=4800 updates=3500
[eval  ep 025] greedy_profit=-480383.8 ± 5252.0 (n=2, days=120)
[train ep 030/40] algo=d3qn steps=120 return=-48.026 raw_profit=-480260.0 loss=18071.22258 eps=0.132 buf=5400 updates=4100
[eval  ep 030] greedy_profit=-480383.8 ± 5252.0 (n=2, days=120)
[train ep 035/40] algo=d3qn steps=120 return=-48.147 raw_profit=-481467.5 loss=15861.60475 eps=0.120 buf=6000 updates=4700
[eval  ep 035] greedy_profit=-480383.8 ± 5252.0 (n=2, days=120)
[train ep 040/40] algo=d3qn steps=120 return=-48.349 raw_profit=-483495.0 loss=15170.62697 eps=0.109 buf=6600 updates=5300
[eval  ep 040] greedy_profit=-480383.8 ± 5252.0 (n=2, days=120)
saved best checkpoint → /Users/oliverhuang/Desktop/2026_furp_零售/logs/checkpoints/suite_ab/A_fixed_A3_d3qn_ws_best.pt (profit=-480383.8)
[d3qn/ws] best_eval=-480383.75 (8s)
  EVAL d3qn/ws: -480346.7 ± 983.4 (Δrule=+0, Δbest=+0)

=== TRAIN fixed_A3 | ppo/no_ws ===
[train PPO] encoder=raw dim=94 n_actions=18 forbid_e1=True
[train PPO ep 001/40] raw_profit=-478845.0 loss=17.6992
[train PPO ep 005/40] raw_profit=-478487.5 loss=16.9593
[eval  PPO ep 005] greedy_profit=-480383.8 ± 5252.0
[train PPO ep 010/40] raw_profit=-480327.5 loss=16.2140
[eval  PPO ep 010] greedy_profit=-480383.8 ± 5252.0
[train PPO ep 015/40] raw_profit=-481635.0 loss=15.5021
[eval  PPO ep 015] greedy_profit=-480383.8 ± 5252.0
[train PPO ep 020/40] raw_profit=-482545.0 loss=13.8528
[eval  PPO ep 020] greedy_profit=-480383.8 ± 5252.0
[train PPO ep 025/40] raw_profit=-482225.0 loss=12.9586
[eval  PPO ep 025] greedy_profit=-480383.8 ± 5252.0
[train PPO ep 030/40] raw_profit=-480260.0 loss=11.5879
[eval  PPO ep 030] greedy_profit=-480383.8 ± 5252.0
[train PPO ep 035/40] raw_profit=-481467.5 loss=10.6486
[eval  PPO ep 035] greedy_profit=-480383.8 ± 5252.0
[train PPO ep 040/40] raw_profit=-483495.0 loss=10.7861
[eval  PPO ep 040] greedy_profit=-480383.8 ± 5252.0
saved best checkpoint → /Users/oliverhuang/Desktop/2026_furp_零售/logs/checkpoints/suite_ab/A_fixed_A3_ppo_no_ws_best.pt (profit=-480383.8)
[ppo/no_ws] best_eval=-480383.75 (3s)
  EVAL ppo/no_ws: -480346.7 ± 983.4 (Δrule=+0, Δbest=+0)

=== TRAIN fixed_A3 | ppo/ws ===
[train PPO] encoder=raw dim=94 n_actions=18 forbid_e1=True
[warmstart] collecting 15 rule episodes ...
[warmstart PPO-BC 0001/1500] loss=2.1945
[warmstart PPO-BC 0300/1500] loss=0.0000
[warmstart PPO-BC 0600/1500] loss=0.0000
[warmstart PPO-BC 0900/1500] loss=0.0000
[warmstart PPO-BC 1200/1500] loss=0.0000
[warmstart PPO-BC 1500/1500] loss=0.0000
[warmstart] pre-RL greedy eval=-480383.8
[train PPO ep 001/40] raw_profit=-478845.0 loss=15.8527
[train PPO ep 005/40] raw_profit=-478487.5 loss=13.6668
[eval  PPO ep 005] greedy_profit=-480383.8 ± 5252.0
[train PPO ep 010/40] raw_profit=-480327.5 loss=11.8655
[eval  PPO ep 010] greedy_profit=-480383.8 ± 5252.0
[train PPO ep 015/40] raw_profit=-481635.0 loss=10.7361
[eval  PPO ep 015] greedy_profit=-480383.8 ± 5252.0
[train PPO ep 020/40] raw_profit=-482545.0 loss=10.9252
[eval  PPO ep 020] greedy_profit=-480383.8 ± 5252.0
[train PPO ep 025/40] raw_profit=-482225.0 loss=13.1754
[eval  PPO ep 025] greedy_profit=-480383.8 ± 5252.0
[train PPO ep 030/40] raw_profit=-480260.0 loss=15.7731
[eval  PPO ep 030] greedy_profit=-480383.8 ± 5252.0
[train PPO ep 035/40] raw_profit=-481467.5 loss=17.7242
[eval  PPO ep 035] greedy_profit=-480383.8 ± 5252.0
[train PPO ep 040/40] raw_profit=-483495.0 loss=15.3519
[eval  PPO ep 040] greedy_profit=-480383.8 ± 5252.0
saved best checkpoint → /Users/oliverhuang/Desktop/2026_furp_零售/logs/checkpoints/suite_ab/A_fixed_A3_ppo_ws_best.pt (profit=-480383.8)
[ppo/ws] best_eval=-480383.75 (4s)
  EVAL ppo/ws: -480346.7 ± 983.4 (Δrule=+0, Δbest=+0)

######## B/both_pdf mode=both profile=pdf fixed=(None,None) H=30+365 n_rep=30 ########
--- baselines ---
  baseline fixed_0_(s,S): 2573988.6 ± 6246.9
  baseline best_fixed_1: 2574056.1 ± 6180.4
  baseline rule_based: 2574862.7 ± 5639.5

=== TRAIN both_pdf | dqn/no_ws ===
[train] state_encoder=raw dim=94 action_space=coarse n_actions=18 algo=dqn forbid_expedite=True
[train ep 005/40] algo=dqn steps=365 return=254.177 raw_profit=2541771.1 loss=0.07172 eps=0.849 buf=1825 updates=1026
[eval  ep 005] greedy_profit=2545997.7 ± 17079.7 (n=2, days=365)
[train ep 010/40] algo=dqn steps=365 return=255.555 raw_profit=2555547.3 loss=0.12727 eps=0.699 buf=3650 updates=2851
[eval  ep 010] greedy_profit=2542465.3 ± 17510.6 (n=2, days=365)
[train ep 015/40] algo=dqn steps=365 return=256.149 raw_profit=2561488.8 loss=0.18835 eps=0.548 buf=5475 updates=4676
[eval  ep 015] greedy_profit=2556938.6 ± 14569.3 (n=2, days=365)
[train ep 020/40] algo=dqn steps=365 return=255.456 raw_profit=2554560.3 loss=0.29414 eps=0.398 buf=7300 updates=6501
[eval  ep 020] greedy_profit=2540698.5 ± 17352.7 (n=2, days=365)
[train ep 025/40] algo=dqn steps=365 return=256.247 raw_profit=2562470.3 loss=0.54926 eps=0.247 buf=9125 updates=8326
[eval  ep 025] greedy_profit=2553208.9 ± 19878.6 (n=2, days=365)
[train ep 030/40] algo=dqn steps=365 return=253.331 raw_profit=2533305.9 loss=0.53221 eps=0.097 buf=10950 updates=10151
[eval  ep 030] greedy_profit=2550842.7 ± 18198.0 (n=2, days=365)
[train ep 035/40] algo=dqn steps=365 return=255.606 raw_profit=2556055.3 loss=0.69163 eps=0.010 buf=12775 updates=11976
[eval  ep 035] greedy_profit=2541792.8 ± 20547.9 (n=2, days=365)
[train ep 040/40] algo=dqn steps=365 return=254.882 raw_profit=2548820.9 loss=0.98596 eps=0.010 buf=14600 updates=13801
[eval  ep 040] greedy_profit=2544354.0 ± 16063.5 (n=2, days=365)
saved best checkpoint → /Users/oliverhuang/Desktop/2026_furp_零售/logs/checkpoints/suite_ab/B_both_pdf_dqn_no_ws_best.pt (profit=2556938.6)
[dqn/no_ws] best_eval=2556938.5749999997 (13s)
  EVAL dqn/no_ws: 2555798.3 ± 5807.6 (Δrule=-19064, Δbest=-18258)

=== TRAIN both_pdf | dqn/ws ===
[train] state_encoder=raw dim=94 action_space=coarse n_actions=18 algo=dqn forbid_expedite=True
[warmstart] collecting 15 rule episodes (forbid_expedite=True) ...
[warmstart rule ep 001/15] raw_profit=2574025.3 buf=365
[warmstart rule ep 002/15] raw_profit=2581052.8 buf=730
[warmstart rule ep 003/15] raw_profit=2558059.1 buf=1095
[warmstart rule ep 004/15] raw_profit=2558109.8 buf=1460
[warmstart rule ep 005/15] raw_profit=2559576.4 buf=1825
[warmstart rule ep 006/15] raw_profit=2575192.6 buf=2190
[warmstart rule ep 007/15] raw_profit=2561105.7 buf=2555
[warmstart rule ep 008/15] raw_profit=2572463.3 buf=2920
[warmstart rule ep 009/15] raw_profit=2563409.2 buf=3285
[warmstart rule ep 010/15] raw_profit=2589475.0 buf=3650
[warmstart rule ep 011/15] raw_profit=2567982.8 buf=4015
[warmstart rule ep 012/15] raw_profit=2573362.7 buf=4380
[warmstart rule ep 013/15] raw_profit=2570701.8 buf=4745
[warmstart rule ep 014/15] raw_profit=2558562.6 buf=5110
[warmstart rule ep 015/15] raw_profit=2580387.4 buf=5475
[warmstart] behavioral cloning 1500 updates ...
[warmstart BC 0001/1500] loss=4.1709
[warmstart BC 0300/1500] loss=0.0006
[warmstart BC 0600/1500] loss=0.0005
[warmstart BC 0900/1500] loss=0.0001
[warmstart BC 1200/1500] loss=0.0000
[warmstart BC 1500/1500] loss=0.0000
[warmstart] pre-RL greedy eval profit=2573266.3 ± 17248.2
[train ep 005/40] algo=dqn steps=365 return=255.445 raw_profit=2554447.1 loss=1.18688 eps=0.165 buf=7300 updates=2325
[eval  ep 005] greedy_profit=2546058.7 ± 18915.5 (n=2, days=365)
[train ep 010/40] algo=dqn steps=365 return=254.925 raw_profit=2549250.7 loss=1.32630 eps=0.131 buf=9125 updates=4150
[eval  ep 010] greedy_profit=2539175.5 ± 17017.1 (n=2, days=365)
[train ep 015/40] algo=dqn steps=365 return=255.223 raw_profit=2552231.7 loss=1.64936 eps=0.096 buf=10950 updates=5975
[eval  ep 015] greedy_profit=2539942.7 ± 16968.5 (n=2, days=365)
[train ep 020/40] algo=dqn steps=365 return=255.401 raw_profit=2554008.6 loss=1.69543 eps=0.061 buf=12775 updates=7800
[eval  ep 020] greedy_profit=2547245.5 ± 21378.2 (n=2, days=365)
[train ep 025/40] algo=dqn steps=365 return=255.998 raw_profit=2559981.0 loss=1.81414 eps=0.027 buf=14600 updates=9625
[eval  ep 025] greedy_profit=2540069.8 ± 15169.5 (n=2, days=365)
[train ep 030/40] algo=dqn steps=365 return=254.514 raw_profit=2545144.3 loss=2.38932 eps=0.010 buf=16425 updates=11450
[eval  ep 030] greedy_profit=2549753.0 ± 18646.8 (n=2, days=365)
[train ep 035/40] algo=dqn steps=365 return=255.411 raw_profit=2554110.4 loss=2.60545 eps=0.010 buf=18250 updates=13275
[eval  ep 035] greedy_profit=2545338.4 ± 20343.1 (n=2, days=365)
[train ep 040/40] algo=dqn steps=365 return=254.318 raw_profit=2543178.4 loss=2.61599 eps=0.010 buf=20075 updates=15100
[eval  ep 040] greedy_profit=2548446.1 ± 17569.1 (n=2, days=365)
saved best checkpoint → /Users/oliverhuang/Desktop/2026_furp_零售/logs/checkpoints/suite_ab/B_both_pdf_dqn_ws_best.pt (profit=2573266.3)
[dqn/ws] best_eval=2573266.3249999993 (17s)
  EVAL dqn/ws: 2574834.0 ± 5633.5 (Δrule=-29, Δbest=+778)

=== TRAIN both_pdf | ddqn/no_ws ===
[train] state_encoder=raw dim=94 action_space=coarse n_actions=18 algo=ddqn forbid_expedite=True
[train ep 005/40] algo=ddqn steps=365 return=255.274 raw_profit=2552736.1 loss=0.05766 eps=0.849 buf=1825 updates=1026
[eval  ep 005] greedy_profit=2540948.9 ± 18326.0 (n=2, days=365)
[train ep 010/40] algo=ddqn steps=365 return=255.302 raw_profit=2553023.1 loss=0.09490 eps=0.699 buf=3650 updates=2851
[eval  ep 010] greedy_profit=2543823.7 ± 18093.3 (n=2, days=365)
[train ep 015/40] algo=ddqn steps=365 return=256.204 raw_profit=2562044.5 loss=0.13595 eps=0.548 buf=5475 updates=4676
[eval  ep 015] greedy_profit=2548000.1 ± 21407.1 (n=2, days=365)
[train ep 020/40] algo=ddqn steps=365 return=255.516 raw_profit=2555157.8 loss=0.20092 eps=0.398 buf=7300 updates=6501
[eval  ep 020] greedy_profit=2551926.9 ± 14746.2 (n=2, days=365)
[train ep 025/40] algo=ddqn steps=365 return=256.323 raw_profit=2563232.4 loss=0.38656 eps=0.247 buf=9125 updates=8326
[eval  ep 025] greedy_profit=2543135.6 ± 16189.8 (n=2, days=365)
[train ep 030/40] algo=ddqn steps=365 return=254.390 raw_profit=2543900.7 loss=0.33217 eps=0.097 buf=10950 updates=10151
[eval  ep 030] greedy_profit=2557147.1 ± 19233.1 (n=2, days=365)
[train ep 035/40] algo=ddqn steps=365 return=255.349 raw_profit=2553485.5 loss=0.46723 eps=0.010 buf=12775 updates=11976
[eval  ep 035] greedy_profit=2557612.6 ± 15666.5 (n=2, days=365)
[train ep 040/40] algo=ddqn steps=365 return=255.283 raw_profit=2552831.5 loss=0.66078 eps=0.010 buf=14600 updates=13801
[eval  ep 040] greedy_profit=2554544.9 ± 18998.2 (n=2, days=365)
saved best checkpoint → /Users/oliverhuang/Desktop/2026_furp_零售/logs/checkpoints/suite_ab/B_both_pdf_ddqn_no_ws_best.pt (profit=2557612.6)
[ddqn/no_ws] best_eval=2557612.6125 (14s)
  EVAL ddqn/no_ws: 2561719.3 ± 5475.0 (Δrule=-13143, Δbest=-12337)

=== TRAIN both_pdf | ddqn/ws ===
[train] state_encoder=raw dim=94 action_space=coarse n_actions=18 algo=ddqn forbid_expedite=True
[warmstart] collecting 15 rule episodes (forbid_expedite=True) ...
[warmstart rule ep 001/15] raw_profit=2574025.3 buf=365
[warmstart rule ep 002/15] raw_profit=2581052.8 buf=730
[warmstart rule ep 003/15] raw_profit=2558059.1 buf=1095
[warmstart rule ep 004/15] raw_profit=2558109.8 buf=1460
[warmstart rule ep 005/15] raw_profit=2559576.4 buf=1825
[warmstart rule ep 006/15] raw_profit=2575192.6 buf=2190
[warmstart rule ep 007/15] raw_profit=2561105.7 buf=2555
[warmstart rule ep 008/15] raw_profit=2572463.3 buf=2920
[warmstart rule ep 009/15] raw_profit=2563409.2 buf=3285
[warmstart rule ep 010/15] raw_profit=2589475.0 buf=3650
[warmstart rule ep 011/15] raw_profit=2567982.8 buf=4015
[warmstart rule ep 012/15] raw_profit=2573362.7 buf=4380
[warmstart rule ep 013/15] raw_profit=2570701.8 buf=4745
[warmstart rule ep 014/15] raw_profit=2558562.6 buf=5110
[warmstart rule ep 015/15] raw_profit=2580387.4 buf=5475
[warmstart] behavioral cloning 1500 updates ...
[warmstart BC 0001/1500] loss=4.1709
[warmstart BC 0300/1500] loss=0.0006
[warmstart BC 0600/1500] loss=0.0005
[warmstart BC 0900/1500] loss=0.0001
[warmstart BC 1200/1500] loss=0.0000
[warmstart BC 1500/1500] loss=0.0000
[warmstart] pre-RL greedy eval profit=2573266.3 ± 17248.2
[train ep 005/40] algo=ddqn steps=365 return=254.837 raw_profit=2548370.2 loss=0.43939 eps=0.165 buf=7300 updates=2325
[eval  ep 005] greedy_profit=2544366.6 ± 21069.1 (n=2, days=365)
[train ep 010/40] algo=ddqn steps=365 return=255.295 raw_profit=2552947.6 loss=0.43849 eps=0.131 buf=9125 updates=4150
[eval  ep 010] greedy_profit=2552732.7 ± 18919.3 (n=2, days=365)
[train ep 015/40] algo=ddqn steps=365 return=255.786 raw_profit=2557857.1 loss=0.60841 eps=0.096 buf=10950 updates=5975
[eval  ep 015] greedy_profit=2537521.2 ± 16068.5 (n=2, days=365)
[train ep 020/40] algo=ddqn steps=365 return=255.391 raw_profit=2553906.1 loss=0.67504 eps=0.061 buf=12775 updates=7800
[eval  ep 020] greedy_profit=2552960.9 ± 16180.7 (n=2, days=365)
[train ep 025/40] algo=ddqn steps=365 return=255.771 raw_profit=2557706.7 loss=0.77584 eps=0.027 buf=14600 updates=9625
[eval  ep 025] greedy_profit=2544109.8 ± 17173.1 (n=2, days=365)
[train ep 030/40] algo=ddqn steps=365 return=255.704 raw_profit=2557035.7 loss=1.02894 eps=0.010 buf=16425 updates=11450
[eval  ep 030] greedy_profit=2538689.3 ± 17677.1 (n=2, days=365)
[train ep 035/40] algo=ddqn steps=365 return=255.831 raw_profit=2558308.1 loss=1.21093 eps=0.010 buf=18250 updates=13275
[eval  ep 035] greedy_profit=2555721.4 ± 20801.8 (n=2, days=365)
[train ep 040/40] algo=ddqn steps=365 return=254.978 raw_profit=2549775.1 loss=1.26125 eps=0.010 buf=20075 updates=15100
[eval  ep 040] greedy_profit=2542969.4 ± 17265.0 (n=2, days=365)
saved best checkpoint → /Users/oliverhuang/Desktop/2026_furp_零售/logs/checkpoints/suite_ab/B_both_pdf_ddqn_ws_best.pt (profit=2573266.3)
[ddqn/ws] best_eval=2573266.3249999993 (17s)
  EVAL ddqn/ws: 2574834.0 ± 5633.5 (Δrule=-29, Δbest=+778)

=== TRAIN both_pdf | dueling/no_ws ===
[train] state_encoder=raw dim=94 action_space=coarse n_actions=18 algo=dueling forbid_expedite=True
[train ep 005/40] algo=dueling steps=365 return=254.286 raw_profit=2542861.6 loss=0.04692 eps=0.849 buf=1825 updates=1026
[eval  ep 005] greedy_profit=2547576.3 ± 18889.7 (n=2, days=365)
[train ep 010/40] algo=dueling steps=365 return=255.429 raw_profit=2554288.2 loss=0.07606 eps=0.699 buf=3650 updates=2851
[eval  ep 010] greedy_profit=2547699.9 ± 18900.4 (n=2, days=365)
[train ep 015/40] algo=dueling steps=365 return=256.025 raw_profit=2560247.6 loss=0.12329 eps=0.548 buf=5475 updates=4676
[eval  ep 015] greedy_profit=2551163.7 ± 18019.8 (n=2, days=365)
[train ep 020/40] algo=dueling steps=365 return=256.241 raw_profit=2562409.3 loss=0.18881 eps=0.398 buf=7300 updates=6501
[eval  ep 020] greedy_profit=2547310.5 ± 17114.3 (n=2, days=365)
[train ep 025/40] algo=dueling steps=365 return=256.067 raw_profit=2560667.9 loss=0.35553 eps=0.247 buf=9125 updates=8326
[eval  ep 025] greedy_profit=2549685.4 ± 18781.6 (n=2, days=365)
[train ep 030/40] algo=dueling steps=365 return=254.136 raw_profit=2541363.6 loss=0.36160 eps=0.097 buf=10950 updates=10151
[eval  ep 030] greedy_profit=2550659.0 ± 18839.1 (n=2, days=365)
[train ep 035/40] algo=dueling steps=365 return=255.756 raw_profit=2557560.4 loss=0.48209 eps=0.010 buf=12775 updates=11976
[eval  ep 035] greedy_profit=2555890.2 ± 13512.4 (n=2, days=365)
[train ep 040/40] algo=dueling steps=365 return=253.755 raw_profit=2537552.2 loss=0.68864 eps=0.010 buf=14600 updates=13801
[eval  ep 040] greedy_profit=2550435.8 ± 18081.8 (n=2, days=365)
saved best checkpoint → /Users/oliverhuang/Desktop/2026_furp_零售/logs/checkpoints/suite_ab/B_both_pdf_dueling_no_ws_best.pt (profit=2555890.2)
[dueling/no_ws] best_eval=2555890.1625000006 (16s)
  EVAL dueling/no_ws: 2557045.9 ± 5391.6 (Δrule=-17817, Δbest=-17010)

=== TRAIN both_pdf | dueling/ws ===
[train] state_encoder=raw dim=94 action_space=coarse n_actions=18 algo=dueling forbid_expedite=True
[warmstart] collecting 15 rule episodes (forbid_expedite=True) ...
[warmstart rule ep 001/15] raw_profit=2574025.3 buf=365
[warmstart rule ep 002/15] raw_profit=2581052.8 buf=730
[warmstart rule ep 003/15] raw_profit=2558059.1 buf=1095
[warmstart rule ep 004/15] raw_profit=2558109.8 buf=1460
[warmstart rule ep 005/15] raw_profit=2559576.4 buf=1825
[warmstart rule ep 006/15] raw_profit=2575192.6 buf=2190
[warmstart rule ep 007/15] raw_profit=2561105.7 buf=2555
[warmstart rule ep 008/15] raw_profit=2572463.3 buf=2920
[warmstart rule ep 009/15] raw_profit=2563409.2 buf=3285
[warmstart rule ep 010/15] raw_profit=2589475.0 buf=3650
[warmstart rule ep 011/15] raw_profit=2567982.8 buf=4015
[warmstart rule ep 012/15] raw_profit=2573362.7 buf=4380
[warmstart rule ep 013/15] raw_profit=2570701.8 buf=4745
[warmstart rule ep 014/15] raw_profit=2558562.6 buf=5110
[warmstart rule ep 015/15] raw_profit=2580387.4 buf=5475
[warmstart] behavioral cloning 1500 updates ...
[warmstart BC 0001/1500] loss=3.2631
[warmstart BC 0300/1500] loss=0.0005
[warmstart BC 0600/1500] loss=0.0003
[warmstart BC 0900/1500] loss=0.0001
[warmstart BC 1200/1500] loss=0.0000
[warmstart BC 1500/1500] loss=0.0000
[warmstart] pre-RL greedy eval profit=2573789.3 ± 15628.2
[train ep 005/40] algo=dueling steps=365 return=257.836 raw_profit=2578357.0 loss=192125.55408 eps=0.165 buf=7300 updates=2325
[eval  ep 005] greedy_profit=2573789.3 ± 15628.2 (n=2, days=365)
[train ep 010/40] algo=dueling steps=365 return=257.695 raw_profit=2576945.9 loss=125778.51893 eps=0.131 buf=9125 updates=4150
[eval  ep 010] greedy_profit=2573388.2 ± 15856.7 (n=2, days=365)
[train ep 015/40] algo=dueling steps=365 return=256.922 raw_profit=2569217.2 loss=125942.74707 eps=0.096 buf=10950 updates=5975
[eval  ep 015] greedy_profit=2545812.3 ± 16835.7 (n=2, days=365)
[train ep 020/40] algo=dueling steps=365 return=256.748 raw_profit=2567480.6 loss=97540.15762 eps=0.061 buf=12775 updates=7800
[eval  ep 020] greedy_profit=2558824.3 ± 18965.0 (n=2, days=365)
[train ep 025/40] algo=dueling steps=365 return=256.782 raw_profit=2567818.2 loss=82255.29163 eps=0.027 buf=14600 updates=9625
[eval  ep 025] greedy_profit=2559515.6 ± 17728.4 (n=2, days=365)
[train ep 030/40] algo=dueling steps=365 return=255.457 raw_profit=2554572.8 loss=88064.78836 eps=0.010 buf=16425 updates=11450
[eval  ep 030] greedy_profit=2547678.1 ± 19391.7 (n=2, days=365)
[train ep 035/40] algo=dueling steps=365 return=256.566 raw_profit=2565664.7 loss=78441.55093 eps=0.010 buf=18250 updates=13275
[eval  ep 035] greedy_profit=2562736.5 ± 15506.3 (n=2, days=365)
[train ep 040/40] algo=dueling steps=365 return=255.350 raw_profit=2553500.6 loss=65132.94034 eps=0.010 buf=20075 updates=15100
[eval  ep 040] greedy_profit=2559935.7 ± 17583.6 (n=2, days=365)
saved best checkpoint → /Users/oliverhuang/Desktop/2026_furp_零售/logs/checkpoints/suite_ab/B_both_pdf_dueling_ws_best.pt (profit=2573789.3)
[dueling/ws] best_eval=2573789.312500001 (20s)
  EVAL dueling/ws: 2574056.1 ± 6180.4 (Δrule=-807, Δbest=+0)

=== TRAIN both_pdf | d3qn/no_ws ===
[train] state_encoder=raw dim=94 action_space=coarse n_actions=18 algo=d3qn forbid_expedite=True
[train ep 005/40] algo=d3qn steps=365 return=254.468 raw_profit=2544679.4 loss=0.07687 eps=0.849 buf=1825 updates=1026
[eval  ep 005] greedy_profit=2547846.6 ± 15840.0 (n=2, days=365)
[train ep 010/40] algo=d3qn steps=365 return=255.500 raw_profit=2555000.1 loss=0.05880 eps=0.699 buf=3650 updates=2851
[eval  ep 010] greedy_profit=2545044.2 ± 19644.9 (n=2, days=365)
[train ep 015/40] algo=d3qn steps=365 return=256.118 raw_profit=2561178.5 loss=0.09059 eps=0.548 buf=5475 updates=4676
[eval  ep 015] greedy_profit=2548982.3 ± 16996.6 (n=2, days=365)
[train ep 020/40] algo=d3qn steps=365 return=256.062 raw_profit=2560616.4 loss=0.13339 eps=0.398 buf=7300 updates=6501
[eval  ep 020] greedy_profit=2550270.5 ± 18623.9 (n=2, days=365)
[train ep 025/40] algo=d3qn steps=365 return=256.484 raw_profit=2564835.7 loss=0.26775 eps=0.247 buf=9125 updates=8326
[eval  ep 025] greedy_profit=2555167.3 ± 17874.4 (n=2, days=365)
[train ep 030/40] algo=d3qn steps=365 return=255.181 raw_profit=2551813.7 loss=0.23930 eps=0.097 buf=10950 updates=10151
[eval  ep 030] greedy_profit=2553518.2 ± 19718.5 (n=2, days=365)
[train ep 035/40] algo=d3qn steps=365 return=255.881 raw_profit=2558808.9 loss=0.34808 eps=0.010 buf=12775 updates=11976
[eval  ep 035] greedy_profit=2548019.0 ± 14387.7 (n=2, days=365)
[train ep 040/40] algo=d3qn steps=365 return=253.765 raw_profit=2537648.1 loss=0.47961 eps=0.010 buf=14600 updates=13801
[eval  ep 040] greedy_profit=2546520.0 ± 16128.5 (n=2, days=365)
saved best checkpoint → /Users/oliverhuang/Desktop/2026_furp_零售/logs/checkpoints/suite_ab/B_both_pdf_d3qn_no_ws_best.pt (profit=2555167.3)
[d3qn/no_ws] best_eval=2555167.312499999 (17s)
  EVAL d3qn/no_ws: 2554758.4 ± 5694.9 (Δrule=-20104, Δbest=-19298)

=== TRAIN both_pdf | d3qn/ws ===
[train] state_encoder=raw dim=94 action_space=coarse n_actions=18 algo=d3qn forbid_expedite=True
[warmstart] collecting 15 rule episodes (forbid_expedite=True) ...
[warmstart rule ep 001/15] raw_profit=2574025.3 buf=365
[warmstart rule ep 002/15] raw_profit=2581052.8 buf=730
[warmstart rule ep 003/15] raw_profit=2558059.1 buf=1095
[warmstart rule ep 004/15] raw_profit=2558109.8 buf=1460
[warmstart rule ep 005/15] raw_profit=2559576.4 buf=1825
[warmstart rule ep 006/15] raw_profit=2575192.6 buf=2190
[warmstart rule ep 007/15] raw_profit=2561105.7 buf=2555
[warmstart rule ep 008/15] raw_profit=2572463.3 buf=2920
[warmstart rule ep 009/15] raw_profit=2563409.2 buf=3285
[warmstart rule ep 010/15] raw_profit=2589475.0 buf=3650
[warmstart rule ep 011/15] raw_profit=2567982.8 buf=4015
[warmstart rule ep 012/15] raw_profit=2573362.7 buf=4380
[warmstart rule ep 013/15] raw_profit=2570701.8 buf=4745
[warmstart rule ep 014/15] raw_profit=2558562.6 buf=5110
[warmstart rule ep 015/15] raw_profit=2580387.4 buf=5475
[warmstart] behavioral cloning 1500 updates ...
[warmstart BC 0001/1500] loss=3.2631
[warmstart BC 0300/1500] loss=0.0005
[warmstart BC 0600/1500] loss=0.0003
[warmstart BC 0900/1500] loss=0.0001
[warmstart BC 1200/1500] loss=0.0000
[warmstart BC 1500/1500] loss=0.0000
[warmstart] pre-RL greedy eval profit=2573789.3 ± 15628.2
[train ep 005/40] algo=d3qn steps=365 return=257.836 raw_profit=2578357.0 loss=191992.72569 eps=0.165 buf=7300 updates=2325
[eval  ep 005] greedy_profit=2573789.3 ± 15628.2 (n=2, days=365)
[train ep 010/40] algo=d3qn steps=365 return=257.695 raw_profit=2576945.9 loss=129005.44226 eps=0.131 buf=9125 updates=4150
[eval  ep 010] greedy_profit=2573388.2 ± 15856.7 (n=2, days=365)
[train ep 015/40] algo=d3qn steps=365 return=257.097 raw_profit=2570966.2 loss=134581.95515 eps=0.096 buf=10950 updates=5975
[eval  ep 015] greedy_profit=2542872.2 ± 17824.6 (n=2, days=365)
[train ep 020/40] algo=d3qn steps=365 return=256.917 raw_profit=2569169.3 loss=106010.72863 eps=0.061 buf=12775 updates=7800
[eval  ep 020] greedy_profit=2565193.3 ± 18269.4 (n=2, days=365)
[train ep 025/40] algo=d3qn steps=365 return=257.816 raw_profit=2578155.8 loss=92386.83282 eps=0.027 buf=14600 updates=9625
[eval  ep 025] greedy_profit=2567760.9 ± 20853.2 (n=2, days=365)
[train ep 030/40] algo=d3qn steps=365 return=255.767 raw_profit=2557669.1 loss=96088.12552 eps=0.010 buf=16425 updates=11450
[eval  ep 030] greedy_profit=2547714.9 ± 18107.1 (n=2, days=365)
[train ep 035/40] algo=d3qn steps=365 return=256.912 raw_profit=2569123.7 loss=85834.70492 eps=0.010 buf=18250 updates=13275
[eval  ep 035] greedy_profit=2568459.0 ± 18168.9 (n=2, days=365)
[train ep 040/40] algo=d3qn steps=365 return=255.195 raw_profit=2551949.3 loss=69980.94627 eps=0.010 buf=20075 updates=15100
[eval  ep 040] greedy_profit=2546585.5 ± 17901.0 (n=2, days=365)
saved best checkpoint → /Users/oliverhuang/Desktop/2026_furp_零售/logs/checkpoints/suite_ab/B_both_pdf_d3qn_ws_best.pt (profit=2573789.3)
[d3qn/ws] best_eval=2573789.312500001 (21s)
  EVAL d3qn/ws: 2574056.1 ± 6180.4 (Δrule=-807, Δbest=+0)

=== TRAIN both_pdf | ppo/no_ws ===
[train PPO] encoder=raw dim=94 n_actions=18 forbid_e1=True
[train PPO ep 001/40] raw_profit=2551215.2 loss=60.7802
[train PPO ep 005/40] raw_profit=2558168.4 loss=51.6752
[eval  PPO ep 005] greedy_profit=2573789.3 ± 15628.2
[train PPO ep 010/40] raw_profit=2555353.0 loss=30.3990
[eval  PPO ep 010] greedy_profit=2573789.3 ± 15628.2
[train PPO ep 015/40] raw_profit=2569442.7 loss=24.8156
[eval  PPO ep 015] greedy_profit=2573789.3 ± 15628.2
[train PPO ep 020/40] raw_profit=2560307.0 loss=37.7175
[eval  PPO ep 020] greedy_profit=2573789.3 ± 15628.2
[train PPO ep 025/40] raw_profit=2562130.9 loss=36.2932
[eval  PPO ep 025] greedy_profit=2554869.4 ± 19177.4
[train PPO ep 030/40] raw_profit=2551047.8 loss=40.5163
[eval  PPO ep 030] greedy_profit=2554869.4 ± 19177.4
[train PPO ep 035/40] raw_profit=2555378.9 loss=36.0234
[eval  PPO ep 035] greedy_profit=2554869.4 ± 19177.4
[train PPO ep 040/40] raw_profit=2545701.5 loss=34.5751
[eval  PPO ep 040] greedy_profit=2554869.4 ± 19177.4
saved best checkpoint → /Users/oliverhuang/Desktop/2026_furp_零售/logs/checkpoints/suite_ab/B_both_pdf_ppo_no_ws_best.pt (profit=2573789.3)
[ppo/no_ws] best_eval=2573789.312500001 (8s)
  EVAL ppo/no_ws: 2574056.1 ± 6180.4 (Δrule=-807, Δbest=+0)

=== TRAIN both_pdf | ppo/ws ===
[train PPO] encoder=raw dim=94 n_actions=18 forbid_e1=True
[warmstart] collecting 15 rule episodes ...
[warmstart PPO-BC 0001/1500] loss=2.2055
[warmstart PPO-BC 0300/1500] loss=0.0382
[warmstart PPO-BC 0600/1500] loss=0.0004
[warmstart PPO-BC 0900/1500] loss=0.0001
[warmstart PPO-BC 1200/1500] loss=0.0000
[warmstart PPO-BC 1500/1500] loss=0.0000
[warmstart] pre-RL greedy eval=2573266.3
[train PPO ep 001/40] raw_profit=2579849.5 loss=48.5224
[train PPO ep 005/40] raw_profit=2573690.8 loss=27.0837
[eval  PPO ep 005] greedy_profit=2573319.4 ± 16193.5
[train PPO ep 010/40] raw_profit=2582281.8 loss=30.4326
[eval  PPO ep 010] greedy_profit=2573789.3 ± 15628.2
[train PPO ep 015/40] raw_profit=2584644.2 loss=38.3561
[eval  PPO ep 015] greedy_profit=2573789.3 ± 15628.2
[train PPO ep 020/40] raw_profit=2583315.5 loss=40.7207
[eval  PPO ep 020] greedy_profit=2573789.3 ± 15628.2
[train PPO ep 025/40] raw_profit=2586112.2 loss=33.6110
[eval  PPO ep 025] greedy_profit=2573789.3 ± 15628.2
[train PPO ep 030/40] raw_profit=2557384.6 loss=48.4490
[eval  PPO ep 030] greedy_profit=2573789.3 ± 15628.2
[train PPO ep 035/40] raw_profit=2582025.7 loss=34.6955
[eval  PPO ep 035] greedy_profit=2573789.3 ± 15628.2
[train PPO ep 040/40] raw_profit=2562697.6 loss=36.2365
[eval  PPO ep 040] greedy_profit=2573789.3 ± 15628.2
saved best checkpoint → /Users/oliverhuang/Desktop/2026_furp_零售/logs/checkpoints/suite_ab/B_both_pdf_ppo_ws_best.pt (profit=2573789.3)
[ppo/ws] best_eval=2573789.312500001 (10s)
  EVAL ppo/ws: 2574258.4 ± 6122.3 (Δrule=-604, Δbest=+202)

######## B/both_harsh_mild mode=both profile=harsh_mild fixed=(None,None) H=30+365 n_rep=30 ########
--- baselines ---
  baseline fixed_0_(s,S): 2453409.2 ± 30976.5
  baseline best_fixed_13: 2466956.2 ± 25417.1
  baseline rule_based: 2486155.4 ± 25917.7

=== TRAIN both_harsh_mild | dqn/no_ws ===
[train] state_encoder=raw dim=94 action_space=coarse n_actions=18 algo=dqn forbid_expedite=True
[train ep 005/40] algo=dqn steps=365 return=231.005 raw_profit=2310047.9 loss=0.07611 eps=0.849 buf=1825 updates=1026
[eval  ep 005] greedy_profit=2411014.9 ± 78067.8 (n=2, days=365)
[train ep 010/40] algo=dqn steps=365 return=232.734 raw_profit=2327342.1 loss=0.12564 eps=0.699 buf=3650 updates=2851
[eval  ep 010] greedy_profit=2426651.1 ± 72239.0 (n=2, days=365)
[train ep 015/40] algo=dqn steps=365 return=252.721 raw_profit=2527208.9 loss=0.19647 eps=0.548 buf=5475 updates=4676
[eval  ep 015] greedy_profit=2440362.5 ± 82862.8 (n=2, days=365)
[train ep 020/40] algo=dqn steps=365 return=255.303 raw_profit=2553030.8 loss=0.29985 eps=0.398 buf=7300 updates=6501
[eval  ep 020] greedy_profit=2453512.6 ± 65335.4 (n=2, days=365)
[train ep 025/40] algo=dqn steps=365 return=245.074 raw_profit=2450739.7 loss=0.54975 eps=0.247 buf=9125 updates=8326
[eval  ep 025] greedy_profit=2437263.5 ± 60575.2 (n=2, days=365)
[train ep 030/40] algo=dqn steps=365 return=252.505 raw_profit=2525047.8 loss=0.53761 eps=0.097 buf=10950 updates=10151
[eval  ep 030] greedy_profit=2450720.8 ± 65887.9 (n=2, days=365)
[train ep 035/40] algo=dqn steps=365 return=242.449 raw_profit=2424493.5 loss=0.70867 eps=0.010 buf=12775 updates=11976
[eval  ep 035] greedy_profit=2449802.4 ± 50265.0 (n=2, days=365)
[train ep 040/40] algo=dqn steps=365 return=242.890 raw_profit=2428904.5 loss=0.97259 eps=0.010 buf=14600 updates=13801
[eval  ep 040] greedy_profit=2447632.4 ± 63931.4 (n=2, days=365)
saved best checkpoint → /Users/oliverhuang/Desktop/2026_furp_零售/logs/checkpoints/suite_ab/B_both_harsh_mild_dqn_no_ws_best.pt (profit=2453512.6)
[dqn/no_ws] best_eval=2453512.6000000006 (14s)
  EVAL dqn/no_ws: 2461487.9 ± 25548.3 (Δrule=-24667, Δbest=-5468)

=== TRAIN both_harsh_mild | dqn/ws ===
[train] state_encoder=raw dim=94 action_space=coarse n_actions=18 algo=dqn forbid_expedite=True
[warmstart] collecting 15 rule episodes (forbid_expedite=True) ...
[warmstart rule ep 001/15] raw_profit=2512545.4 buf=365
[warmstart rule ep 002/15] raw_profit=2503039.0 buf=730
[warmstart rule ep 003/15] raw_profit=2504920.6 buf=1095
[warmstart rule ep 004/15] raw_profit=2510564.5 buf=1460
[warmstart rule ep 005/15] raw_profit=2450578.3 buf=1825
[warmstart rule ep 006/15] raw_profit=2567352.8 buf=2190
[warmstart rule ep 007/15] raw_profit=2486592.7 buf=2555
[warmstart rule ep 008/15] raw_profit=2571046.8 buf=2920
[warmstart rule ep 009/15] raw_profit=2404229.6 buf=3285
[warmstart rule ep 010/15] raw_profit=2495363.3 buf=3650
[warmstart rule ep 011/15] raw_profit=2370958.9 buf=4015
[warmstart rule ep 012/15] raw_profit=2470753.9 buf=4380
[warmstart rule ep 013/15] raw_profit=2356478.7 buf=4745
[warmstart rule ep 014/15] raw_profit=2486397.5 buf=5110
[warmstart rule ep 015/15] raw_profit=2387043.1 buf=5475
[warmstart] behavioral cloning 1500 updates ...
[warmstart BC 0001/1500] loss=3.8419
[warmstart BC 0300/1500] loss=0.0077
[warmstart BC 0600/1500] loss=0.0006
[warmstart BC 0900/1500] loss=0.0001
[warmstart BC 1200/1500] loss=0.0001
[warmstart BC 1500/1500] loss=0.0000
[warmstart] pre-RL greedy eval profit=2459597.5 ± 61120.3
[train ep 005/40] algo=dqn steps=365 return=236.664 raw_profit=2366641.8 loss=2.27912 eps=0.165 buf=7300 updates=2325
[eval  ep 005] greedy_profit=2425990.2 ± 68011.1 (n=2, days=365)
[train ep 010/40] algo=dqn steps=365 return=233.596 raw_profit=2335956.8 loss=1.99232 eps=0.131 buf=9125 updates=4150
[eval  ep 010] greedy_profit=2429692.6 ± 69406.4 (n=2, days=365)
[train ep 015/40] algo=dqn steps=365 return=251.651 raw_profit=2516506.6 loss=2.04756 eps=0.096 buf=10950 updates=5975
[eval  ep 015] greedy_profit=2445755.5 ± 71728.3 (n=2, days=365)
[train ep 020/40] algo=dqn steps=365 return=255.297 raw_profit=2552974.2 loss=2.15593 eps=0.061 buf=12775 updates=7800
[eval  ep 020] greedy_profit=2456836.5 ± 81497.7 (n=2, days=365)
[train ep 025/40] algo=dqn steps=365 return=248.336 raw_profit=2483358.6 loss=2.20490 eps=0.027 buf=14600 updates=9625
[eval  ep 025] greedy_profit=2446863.7 ± 46852.2 (n=2, days=365)
[train ep 030/40] algo=dqn steps=365 return=252.170 raw_profit=2521702.4 loss=2.87648 eps=0.010 buf=16425 updates=11450
[eval  ep 030] greedy_profit=2424627.1 ± 72178.4 (n=2, days=365)
[train ep 035/40] algo=dqn steps=365 return=245.982 raw_profit=2459816.7 loss=3.09797 eps=0.010 buf=18250 updates=13275
[eval  ep 035] greedy_profit=2446377.7 ± 47630.6 (n=2, days=365)
[train ep 040/40] algo=dqn steps=365 return=242.991 raw_profit=2429905.6 loss=3.10284 eps=0.010 buf=20075 updates=15100
[eval  ep 040] greedy_profit=2434664.8 ± 54842.5 (n=2, days=365)
saved best checkpoint → /Users/oliverhuang/Desktop/2026_furp_零售/logs/checkpoints/suite_ab/B_both_harsh_mild_dqn_ws_best.pt (profit=2459597.5)
[dqn/ws] best_eval=2459597.475000001 (18s)
  EVAL dqn/ws: 2486155.4 ± 25917.7 (Δrule=+0, Δbest=+19199)

=== TRAIN both_harsh_mild | ddqn/no_ws ===
[train] state_encoder=raw dim=94 action_space=coarse n_actions=18 algo=ddqn forbid_expedite=True
[train ep 005/40] algo=ddqn steps=365 return=229.335 raw_profit=2293352.3 loss=0.09346 eps=0.849 buf=1825 updates=1026
[eval  ep 005] greedy_profit=2425510.6 ± 67257.4 (n=2, days=365)
[train ep 010/40] algo=ddqn steps=365 return=232.247 raw_profit=2322468.4 loss=0.11785 eps=0.699 buf=3650 updates=2851
[eval  ep 010] greedy_profit=2458304.5 ± 55881.9 (n=2, days=365)
[train ep 015/40] algo=ddqn steps=365 return=252.714 raw_profit=2527139.7 loss=0.17641 eps=0.548 buf=5475 updates=4676
[eval  ep 015] greedy_profit=2431447.6 ± 48211.4 (n=2, days=365)
[train ep 020/40] algo=ddqn steps=365 return=255.891 raw_profit=2558910.1 loss=0.26733 eps=0.398 buf=7300 updates=6501
[eval  ep 020] greedy_profit=2449350.2 ± 66646.4 (n=2, days=365)
[train ep 025/40] algo=ddqn steps=365 return=243.181 raw_profit=2431810.3 loss=0.50967 eps=0.247 buf=9125 updates=8326
[eval  ep 025] greedy_profit=2458801.1 ± 71935.2 (n=2, days=365)
[train ep 030/40] algo=ddqn steps=365 return=251.777 raw_profit=2517770.6 loss=0.48586 eps=0.097 buf=10950 updates=10151
[eval  ep 030] greedy_profit=2463039.7 ± 58749.1 (n=2, days=365)
[train ep 035/40] algo=ddqn steps=365 return=243.652 raw_profit=2436519.7 loss=0.61936 eps=0.010 buf=12775 updates=11976
[eval  ep 035] greedy_profit=2443797.0 ± 80356.4 (n=2, days=365)
[train ep 040/40] algo=ddqn steps=365 return=238.872 raw_profit=2388720.8 loss=0.84162 eps=0.010 buf=14600 updates=13801
[eval  ep 040] greedy_profit=2434315.5 ± 58939.2 (n=2, days=365)
saved best checkpoint → /Users/oliverhuang/Desktop/2026_furp_零售/logs/checkpoints/suite_ab/B_both_harsh_mild_ddqn_no_ws_best.pt (profit=2463039.7)
[ddqn/no_ws] best_eval=2463039.687500001 (15s)
  EVAL ddqn/no_ws: 2457619.6 ± 27206.2 (Δrule=-28536, Δbest=-9337)

=== TRAIN both_harsh_mild | ddqn/ws ===
[train] state_encoder=raw dim=94 action_space=coarse n_actions=18 algo=ddqn forbid_expedite=True
[warmstart] collecting 15 rule episodes (forbid_expedite=True) ...
[warmstart rule ep 001/15] raw_profit=2512545.4 buf=365
[warmstart rule ep 002/15] raw_profit=2503039.0 buf=730
[warmstart rule ep 003/15] raw_profit=2504920.6 buf=1095
[warmstart rule ep 004/15] raw_profit=2510564.5 buf=1460
[warmstart rule ep 005/15] raw_profit=2450578.3 buf=1825
[warmstart rule ep 006/15] raw_profit=2567352.8 buf=2190
[warmstart rule ep 007/15] raw_profit=2486592.7 buf=2555
[warmstart rule ep 008/15] raw_profit=2571046.8 buf=2920
[warmstart rule ep 009/15] raw_profit=2404229.6 buf=3285
[warmstart rule ep 010/15] raw_profit=2495363.3 buf=3650
[warmstart rule ep 011/15] raw_profit=2370958.9 buf=4015
[warmstart rule ep 012/15] raw_profit=2470753.9 buf=4380
[warmstart rule ep 013/15] raw_profit=2356478.7 buf=4745
[warmstart rule ep 014/15] raw_profit=2486397.5 buf=5110
[warmstart rule ep 015/15] raw_profit=2387043.1 buf=5475
[warmstart] behavioral cloning 1500 updates ...
[warmstart BC 0001/1500] loss=3.8419
[warmstart BC 0300/1500] loss=0.0077
[warmstart BC 0600/1500] loss=0.0006
[warmstart BC 0900/1500] loss=0.0001
[warmstart BC 1200/1500] loss=0.0001
[warmstart BC 1500/1500] loss=0.0000
[warmstart] pre-RL greedy eval profit=2459597.5 ± 61120.3
[train ep 005/40] algo=ddqn steps=365 return=235.214 raw_profit=2352137.2 loss=2.36374 eps=0.165 buf=7300 updates=2325
[eval  ep 005] greedy_profit=2448584.1 ± 57523.4 (n=2, days=365)
[train ep 010/40] algo=ddqn steps=365 return=232.680 raw_profit=2326797.3 loss=1.34258 eps=0.131 buf=9125 updates=4150
[eval  ep 010] greedy_profit=2453068.9 ± 61373.7 (n=2, days=365)
[train ep 015/40] algo=ddqn steps=365 return=251.531 raw_profit=2515305.8 loss=1.33632 eps=0.096 buf=10950 updates=5975
[eval  ep 015] greedy_profit=2444829.4 ± 66013.5 (n=2, days=365)
[train ep 020/40] algo=ddqn steps=365 return=254.505 raw_profit=2545047.9 loss=1.36311 eps=0.061 buf=12775 updates=7800
[eval  ep 020] greedy_profit=2446991.2 ± 67238.1 (n=2, days=365)
[train ep 025/40] algo=ddqn steps=365 return=248.555 raw_profit=2485551.8 loss=1.45428 eps=0.027 buf=14600 updates=9625
[eval  ep 025] greedy_profit=2429237.2 ± 71754.3 (n=2, days=365)
[train ep 030/40] algo=ddqn steps=365 return=252.700 raw_profit=2527003.3 loss=1.87611 eps=0.010 buf=16425 updates=11450
[eval  ep 030] greedy_profit=2447156.2 ± 98995.3 (n=2, days=365)
[train ep 035/40] algo=ddqn steps=365 return=245.552 raw_profit=2455517.0 loss=2.11430 eps=0.010 buf=18250 updates=13275
[eval  ep 035] greedy_profit=2446267.9 ± 70163.1 (n=2, days=365)
[train ep 040/40] algo=ddqn steps=365 return=241.747 raw_profit=2417472.7 loss=2.15568 eps=0.010 buf=20075 updates=15100
[eval  ep 040] greedy_profit=2457307.6 ± 79036.8 (n=2, days=365)
saved best checkpoint → /Users/oliverhuang/Desktop/2026_furp_零售/logs/checkpoints/suite_ab/B_both_harsh_mild_ddqn_ws_best.pt (profit=2459597.5)
[ddqn/ws] best_eval=2459597.475000001 (19s)
  EVAL ddqn/ws: 2486155.4 ± 25917.7 (Δrule=+0, Δbest=+19199)

=== TRAIN both_harsh_mild | dueling/no_ws ===
[train] state_encoder=raw dim=94 action_space=coarse n_actions=18 algo=dueling forbid_expedite=True
[train ep 005/40] algo=dueling steps=365 return=230.701 raw_profit=2307011.9 loss=0.05795 eps=0.849 buf=1825 updates=1026
[eval  ep 005] greedy_profit=2443819.2 ± 81056.9 (n=2, days=365)
[train ep 010/40] algo=dueling steps=365 return=231.735 raw_profit=2317348.8 loss=0.08823 eps=0.699 buf=3650 updates=2851
[eval  ep 010] greedy_profit=2448425.0 ± 53358.0 (n=2, days=365)
[train ep 015/40] algo=dueling steps=365 return=252.855 raw_profit=2528554.0 loss=0.14025 eps=0.548 buf=5475 updates=4676
[eval  ep 015] greedy_profit=2428971.7 ± 58359.0 (n=2, days=365)
[train ep 020/40] algo=dueling steps=365 return=256.010 raw_profit=2560101.7 loss=0.20669 eps=0.398 buf=7300 updates=6501
[eval  ep 020] greedy_profit=2438749.9 ± 76476.7 (n=2, days=365)
[train ep 025/40] algo=dueling steps=365 return=243.939 raw_profit=2439388.3 loss=0.35279 eps=0.247 buf=9125 updates=8326
[eval  ep 025] greedy_profit=2450027.5 ± 77732.0 (n=2, days=365)
[train ep 030/40] algo=dueling steps=365 return=252.240 raw_profit=2522395.3 loss=0.40676 eps=0.097 buf=10950 updates=10151
[eval  ep 030] greedy_profit=2450972.8 ± 71181.9 (n=2, days=365)
[train ep 035/40] algo=dueling steps=365 return=243.977 raw_profit=2439774.2 loss=0.53772 eps=0.010 buf=12775 updates=11976
[eval  ep 035] greedy_profit=2460654.1 ± 55622.3 (n=2, days=365)
[train ep 040/40] algo=dueling steps=365 return=242.499 raw_profit=2424988.0 loss=0.69909 eps=0.010 buf=14600 updates=13801
[eval  ep 040] greedy_profit=2441884.6 ± 58530.7 (n=2, days=365)
saved best checkpoint → /Users/oliverhuang/Desktop/2026_furp_零售/logs/checkpoints/suite_ab/B_both_harsh_mild_dueling_no_ws_best.pt (profit=2460654.1)
[dueling/no_ws] best_eval=2460654.1 (16s)
  EVAL dueling/no_ws: 2463968.7 ± 27129.5 (Δrule=-22187, Δbest=-2987)

=== TRAIN both_harsh_mild | dueling/ws ===
[train] state_encoder=raw dim=94 action_space=coarse n_actions=18 algo=dueling forbid_expedite=True
[warmstart] collecting 15 rule episodes (forbid_expedite=True) ...
[warmstart rule ep 001/15] raw_profit=2512545.4 buf=365
[warmstart rule ep 002/15] raw_profit=2503039.0 buf=730
[warmstart rule ep 003/15] raw_profit=2504920.6 buf=1095
[warmstart rule ep 004/15] raw_profit=2510564.5 buf=1460
[warmstart rule ep 005/15] raw_profit=2450578.3 buf=1825
[warmstart rule ep 006/15] raw_profit=2567352.8 buf=2190
[warmstart rule ep 007/15] raw_profit=2486592.7 buf=2555
[warmstart rule ep 008/15] raw_profit=2571046.8 buf=2920
[warmstart rule ep 009/15] raw_profit=2404229.6 buf=3285
[warmstart rule ep 010/15] raw_profit=2495363.3 buf=3650
[warmstart rule ep 011/15] raw_profit=2370958.9 buf=4015
[warmstart rule ep 012/15] raw_profit=2470753.9 buf=4380
[warmstart rule ep 013/15] raw_profit=2356478.7 buf=4745
[warmstart rule ep 014/15] raw_profit=2486397.5 buf=5110
[warmstart rule ep 015/15] raw_profit=2387043.1 buf=5475
[warmstart] behavioral cloning 1500 updates ...
[warmstart BC 0001/1500] loss=3.0510
[warmstart BC 0300/1500] loss=0.0036
[warmstart BC 0600/1500] loss=0.0004
[warmstart BC 0900/1500] loss=0.0001
[warmstart BC 1200/1500] loss=0.0001
[warmstart BC 1500/1500] loss=0.0000
[warmstart] pre-RL greedy eval profit=2430135.0 ± 65508.3
[train ep 005/40] algo=dueling steps=365 return=233.348 raw_profit=2333480.9 loss=281632.82947 eps=0.165 buf=7300 updates=2325
[eval  ep 005] greedy_profit=2431012.2 ± 66785.5 (n=2, days=365)
[train ep 010/40] algo=dueling steps=365 return=230.576 raw_profit=2305758.8 loss=187241.47377 eps=0.131 buf=9125 updates=4150
[eval  ep 010] greedy_profit=2436833.7 ± 65631.1 (n=2, days=365)
[train ep 015/40] algo=dueling steps=365 return=250.650 raw_profit=2506496.0 loss=126224.20306 eps=0.096 buf=10950 updates=5975
[eval  ep 015] greedy_profit=2435520.2 ± 64856.3 (n=2, days=365)
[train ep 020/40] algo=dueling steps=365 return=257.388 raw_profit=2573882.2 loss=81296.35663 eps=0.061 buf=12775 updates=7800
[eval  ep 020] greedy_profit=2441480.4 ± 72349.5 (n=2, days=365)
[train ep 025/40] algo=dueling steps=365 return=246.329 raw_profit=2463289.4 loss=63779.62526 eps=0.027 buf=14600 updates=9625
[eval  ep 025] greedy_profit=2439885.4 ± 79903.9 (n=2, days=365)
[train ep 030/40] algo=dueling steps=365 return=251.626 raw_profit=2516264.3 loss=63187.93874 eps=0.010 buf=16425 updates=11450
[eval  ep 030] greedy_profit=2438674.3 ± 61838.0 (n=2, days=365)
[train ep 035/40] algo=dueling steps=365 return=242.350 raw_profit=2423498.2 loss=56531.26159 eps=0.010 buf=18250 updates=13275
[eval  ep 035] greedy_profit=2422786.3 ± 72878.6 (n=2, days=365)
[train ep 040/40] algo=dueling steps=365 return=240.466 raw_profit=2404662.5 loss=47224.23855 eps=0.010 buf=20075 updates=15100
[eval  ep 040] greedy_profit=2451643.2 ± 62291.4 (n=2, days=365)
saved best checkpoint → /Users/oliverhuang/Desktop/2026_furp_零售/logs/checkpoints/suite_ab/B_both_harsh_mild_dueling_ws_best.pt (profit=2451643.2)
[dueling/ws] best_eval=2451643.1750000007 (21s)
  EVAL dueling/ws: 2472028.3 ± 27012.1 (Δrule=-14127, Δbest=+5072)

=== TRAIN both_harsh_mild | d3qn/no_ws ===
[train] state_encoder=raw dim=94 action_space=coarse n_actions=18 algo=d3qn forbid_expedite=True
[train ep 005/40] algo=d3qn steps=365 return=229.283 raw_profit=2292828.2 loss=0.08874 eps=0.849 buf=1825 updates=1026
[eval  ep 005] greedy_profit=2430081.8 ± 78708.0 (n=2, days=365)
[train ep 010/40] algo=d3qn steps=365 return=232.576 raw_profit=2325761.4 loss=0.07789 eps=0.699 buf=3650 updates=2851
[eval  ep 010] greedy_profit=2436358.3 ± 60224.6 (n=2, days=365)
[train ep 015/40] algo=d3qn steps=365 return=253.132 raw_profit=2531323.8 loss=0.11797 eps=0.548 buf=5475 updates=4676
[eval  ep 015] greedy_profit=2431944.2 ± 78437.6 (n=2, days=365)
[train ep 020/40] algo=d3qn steps=365 return=255.317 raw_profit=2553170.1 loss=0.16485 eps=0.398 buf=7300 updates=6501
[eval  ep 020] greedy_profit=2448255.8 ± 60656.8 (n=2, days=365)
[train ep 025/40] algo=d3qn steps=365 return=244.233 raw_profit=2442326.9 loss=0.31718 eps=0.247 buf=9125 updates=8326
[eval  ep 025] greedy_profit=2444008.2 ± 49890.7 (n=2, days=365)
[train ep 030/40] algo=d3qn steps=365 return=252.015 raw_profit=2520149.4 loss=0.34094 eps=0.097 buf=10950 updates=10151
[eval  ep 030] greedy_profit=2447656.2 ± 69903.9 (n=2, days=365)
[train ep 035/40] algo=d3qn steps=365 return=242.608 raw_profit=2426084.1 loss=0.44666 eps=0.010 buf=12775 updates=11976
[eval  ep 035] greedy_profit=2449656.6 ± 81646.3 (n=2, days=365)
[train ep 040/40] algo=d3qn steps=365 return=239.877 raw_profit=2398774.7 loss=0.60356 eps=0.010 buf=14600 updates=13801
[eval  ep 040] greedy_profit=2452585.0 ± 91126.5 (n=2, days=365)
saved best checkpoint → /Users/oliverhuang/Desktop/2026_furp_零售/logs/checkpoints/suite_ab/B_both_harsh_mild_d3qn_no_ws_best.pt (profit=2452585.0)
[d3qn/no_ws] best_eval=2452585.0124999993 (18s)
  EVAL d3qn/no_ws: 2460982.0 ± 27274.0 (Δrule=-25173, Δbest=-5974)

=== TRAIN both_harsh_mild | d3qn/ws ===
[train] state_encoder=raw dim=94 action_space=coarse n_actions=18 algo=d3qn forbid_expedite=True
[warmstart] collecting 15 rule episodes (forbid_expedite=True) ...
[warmstart rule ep 001/15] raw_profit=2512545.4 buf=365
[warmstart rule ep 002/15] raw_profit=2503039.0 buf=730
[warmstart rule ep 003/15] raw_profit=2504920.6 buf=1095
[warmstart rule ep 004/15] raw_profit=2510564.5 buf=1460
[warmstart rule ep 005/15] raw_profit=2450578.3 buf=1825
[warmstart rule ep 006/15] raw_profit=2567352.8 buf=2190
[warmstart rule ep 007/15] raw_profit=2486592.7 buf=2555
[warmstart rule ep 008/15] raw_profit=2571046.8 buf=2920
[warmstart rule ep 009/15] raw_profit=2404229.6 buf=3285
[warmstart rule ep 010/15] raw_profit=2495363.3 buf=3650
[warmstart rule ep 011/15] raw_profit=2370958.9 buf=4015
[warmstart rule ep 012/15] raw_profit=2470753.9 buf=4380
[warmstart rule ep 013/15] raw_profit=2356478.7 buf=4745
[warmstart rule ep 014/15] raw_profit=2486397.5 buf=5110
[warmstart rule ep 015/15] raw_profit=2387043.1 buf=5475
[warmstart] behavioral cloning 1500 updates ...
[warmstart BC 0001/1500] loss=3.0510
[warmstart BC 0300/1500] loss=0.0036
[warmstart BC 0600/1500] loss=0.0004
[warmstart BC 0900/1500] loss=0.0001
[warmstart BC 1200/1500] loss=0.0001
[warmstart BC 1500/1500] loss=0.0000
[warmstart] pre-RL greedy eval profit=2430135.0 ± 65508.3
[train ep 005/40] algo=d3qn steps=365 return=233.348 raw_profit=2333480.9 loss=281545.06051 eps=0.165 buf=7300 updates=2325
[eval  ep 005] greedy_profit=2431012.2 ± 66785.5 (n=2, days=365)
[train ep 010/40] algo=d3qn steps=365 return=230.356 raw_profit=2303557.6 loss=186571.08178 eps=0.131 buf=9125 updates=4150
[eval  ep 010] greedy_profit=2433679.6 ± 60874.1 (n=2, days=365)
[train ep 015/40] algo=d3qn steps=365 return=250.799 raw_profit=2507994.5 loss=125758.49117 eps=0.096 buf=10950 updates=5975
[eval  ep 015] greedy_profit=2428369.7 ± 67676.2 (n=2, days=365)
[train ep 020/40] algo=d3qn steps=365 return=257.445 raw_profit=2574451.2 loss=81110.61590 eps=0.061 buf=12775 updates=7800
[eval  ep 020] greedy_profit=2437498.1 ± 69482.7 (n=2, days=365)
[train ep 025/40] algo=d3qn steps=365 return=244.963 raw_profit=2449630.2 loss=64857.61633 eps=0.027 buf=14600 updates=9625
[eval  ep 025] greedy_profit=2443510.5 ± 71962.1 (n=2, days=365)
[train ep 030/40] algo=d3qn steps=365 return=251.876 raw_profit=2518762.5 loss=66244.26557 eps=0.010 buf=16425 updates=11450
[eval  ep 030] greedy_profit=2433025.6 ± 59771.2 (n=2, days=365)
[train ep 035/40] algo=d3qn steps=365 return=240.626 raw_profit=2406260.2 loss=58237.72237 eps=0.010 buf=18250 updates=13275
[eval  ep 035] greedy_profit=2434835.6 ± 50323.2 (n=2, days=365)
[train ep 040/40] algo=d3qn steps=365 return=240.361 raw_profit=2403608.0 loss=47886.47277 eps=0.010 buf=20075 updates=15100
[eval  ep 040] greedy_profit=2421148.7 ± 61780.3 (n=2, days=365)
saved best checkpoint → /Users/oliverhuang/Desktop/2026_furp_零售/logs/checkpoints/suite_ab/B_both_harsh_mild_d3qn_ws_best.pt (profit=2443510.5)
[d3qn/ws] best_eval=2443510.4749999996 (22s)
  EVAL d3qn/ws: 2464008.6 ± 27731.9 (Δrule=-22147, Δbest=-2948)

=== TRAIN both_harsh_mild | ppo/no_ws ===
[train PPO] encoder=raw dim=94 n_actions=18 forbid_e1=True
[train PPO ep 001/40] raw_profit=2326443.0 loss=50.5655
[train PPO ep 005/40] raw_profit=2345815.0 loss=43.7444
[eval  PPO ep 005] greedy_profit=2430135.0 ± 65508.3
[train PPO ep 010/40] raw_profit=2343297.0 loss=30.2872
[eval  PPO ep 010] greedy_profit=2430135.0 ± 65508.3
[train PPO ep 015/40] raw_profit=2532189.8 loss=33.8901
[eval  PPO ep 015] greedy_profit=2430019.0 ± 65674.9
[train PPO ep 020/40] raw_profit=2557551.7 loss=37.6740
[eval  PPO ep 020] greedy_profit=2430135.0 ± 65508.3
[train PPO ep 025/40] raw_profit=2449230.2 loss=48.9429
[eval  PPO ep 025] greedy_profit=2439091.3 ± 75382.3
[train PPO ep 030/40] raw_profit=2521656.9 loss=39.7621
[eval  PPO ep 030] greedy_profit=2427091.7 ± 57955.2
[train PPO ep 035/40] raw_profit=2442044.6 loss=36.6881
[eval  PPO ep 035] greedy_profit=2445636.0 ± 62040.2
[train PPO ep 040/40] raw_profit=2398282.5 loss=33.2756
[eval  PPO ep 040] greedy_profit=2445636.0 ± 62040.2
saved best checkpoint → /Users/oliverhuang/Desktop/2026_furp_零售/logs/checkpoints/suite_ab/B_both_harsh_mild_ppo_no_ws_best.pt (profit=2445636.0)
[ppo/no_ws] best_eval=2445636.024999999 (9s)
  EVAL ppo/no_ws: 2467761.1 ± 24948.3 (Δrule=-18394, Δbest=+805)

=== TRAIN both_harsh_mild | ppo/ws ===
[train PPO] encoder=raw dim=94 n_actions=18 forbid_e1=True
[warmstart] collecting 15 rule episodes ...
[warmstart PPO-BC 0001/1500] loss=2.2025
[warmstart PPO-BC 0300/1500] loss=0.0022
[warmstart PPO-BC 0600/1500] loss=0.0010
[warmstart PPO-BC 0900/1500] loss=0.0002
[warmstart PPO-BC 1200/1500] loss=0.0001
[warmstart PPO-BC 1500/1500] loss=0.0000
[warmstart] pre-RL greedy eval=2459597.5
[train PPO ep 001/40] raw_profit=2328213.0 loss=35.2956
[train PPO ep 005/40] raw_profit=2351818.8 loss=27.1181
[eval  PPO ep 005] greedy_profit=2447476.9 ± 72223.5
[train PPO ep 010/40] raw_profit=2352898.4 loss=59.8437
[eval  PPO ep 010] greedy_profit=2464623.9 ± 77018.4
[train PPO ep 015/40] raw_profit=2543974.7 loss=47.4063
[eval  PPO ep 015] greedy_profit=2464165.0 ± 77402.3
[train PPO ep 020/40] raw_profit=2559526.4 loss=38.4398
[eval  PPO ep 020] greedy_profit=2475390.5 ± 59199.2
[train PPO ep 025/40] raw_profit=2473403.0 loss=49.1061
[eval  PPO ep 025] greedy_profit=2465042.1 ± 69248.3
[train PPO ep 030/40] raw_profit=2538116.7 loss=34.4645
[eval  PPO ep 030] greedy_profit=2463668.9 ± 75870.3
[train PPO ep 035/40] raw_profit=2450113.6 loss=35.4084
[eval  PPO ep 035] greedy_profit=2453258.3 ± 53853.2
[train PPO ep 040/40] raw_profit=2410768.5 loss=33.0073
[eval  PPO ep 040] greedy_profit=2455411.8 ± 67645.0
saved best checkpoint → /Users/oliverhuang/Desktop/2026_furp_零售/logs/checkpoints/suite_ab/B_both_harsh_mild_ppo_ws_best.pt (profit=2475390.5)
[ppo/ws] best_eval=2475390.5374999987 (12s)
  EVAL ppo/ws: 2485317.7 ± 25140.0 (Δrule=-838, Δbest=+18362)

######## B/both_harsh_strong mode=both profile=harsh_strong fixed=(None,None) H=30+365 n_rep=30 ########
--- baselines ---
  baseline fixed_0_(s,S): 1987242.8 ± 67121.2
  baseline best_fixed_12: 2155239.6 ± 57518.1
  baseline rule_based: 2143907.0 ± 59791.7

=== TRAIN both_harsh_strong | dqn/no_ws ===
[train] state_encoder=raw dim=94 action_space=coarse n_actions=18 algo=dqn forbid_expedite=True
[train ep 005/40] algo=dqn steps=365 return=193.688 raw_profit=1936883.3 loss=0.07577 eps=0.849 buf=1825 updates=1026
[eval  ep 005] greedy_profit=2082457.0 ± 137545.9 (n=2, days=365)
[train ep 010/40] algo=dqn steps=365 return=203.759 raw_profit=2037592.1 loss=0.18514 eps=0.699 buf=3650 updates=2851
[eval  ep 010] greedy_profit=2093894.3 ± 122150.3 (n=2, days=365)
[train ep 015/40] algo=dqn steps=365 return=231.444 raw_profit=2314438.3 loss=0.35331 eps=0.548 buf=5475 updates=4676
[eval  ep 015] greedy_profit=2084233.8 ± 120461.8 (n=2, days=365)
[train ep 020/40] algo=dqn steps=365 return=245.689 raw_profit=2456887.2 loss=0.54330 eps=0.398 buf=7300 updates=6501
[eval  ep 020] greedy_profit=2100667.8 ± 103891.3 (n=2, days=365)
[train ep 025/40] algo=dqn steps=365 return=228.468 raw_profit=2284683.0 loss=0.82457 eps=0.247 buf=9125 updates=8326
[eval  ep 025] greedy_profit=2098024.6 ± 101371.1 (n=2, days=365)
[train ep 030/40] algo=dqn steps=365 return=235.681 raw_profit=2356809.1 loss=0.86632 eps=0.097 buf=10950 updates=10151
[eval  ep 030] greedy_profit=2048151.3 ± 147769.8 (n=2, days=365)
[train ep 035/40] algo=dqn steps=365 return=210.278 raw_profit=2102778.2 loss=0.96596 eps=0.010 buf=12775 updates=11976
[eval  ep 035] greedy_profit=2093944.5 ± 131537.0 (n=2, days=365)
[train ep 040/40] algo=dqn steps=365 return=201.139 raw_profit=2011387.4 loss=1.28446 eps=0.010 buf=14600 updates=13801
[eval  ep 040] greedy_profit=2127479.9 ± 113752.6 (n=2, days=365)
saved best checkpoint → /Users/oliverhuang/Desktop/2026_furp_零售/logs/checkpoints/suite_ab/B_both_harsh_strong_dqn_no_ws_best.pt (profit=2127479.9)
[dqn/no_ws] best_eval=2127479.9499999993 (17s)
  EVAL dqn/no_ws: 2104769.6 ± 61695.9 (Δrule=-39137, Δbest=-50470)

=== TRAIN both_harsh_strong | dqn/ws ===
[train] state_encoder=raw dim=94 action_space=coarse n_actions=18 algo=dqn forbid_expedite=True
[warmstart] collecting 15 rule episodes (forbid_expedite=True) ...
[warmstart rule ep 001/15] raw_profit=2113685.3 buf=365
[warmstart rule ep 002/15] raw_profit=1985927.9 buf=730
[warmstart rule ep 003/15] raw_profit=2198766.7 buf=1095
[warmstart rule ep 004/15] raw_profit=2269048.3 buf=1460
[warmstart rule ep 005/15] raw_profit=2125223.2 buf=1825
[warmstart rule ep 006/15] raw_profit=2246858.4 buf=2190
[warmstart rule ep 007/15] raw_profit=2000632.2 buf=2555
[warmstart rule ep 008/15] raw_profit=2249510.2 buf=2920
[warmstart rule ep 009/15] raw_profit=2088547.6 buf=3285
[warmstart rule ep 010/15] raw_profit=2124873.6 buf=3650
[warmstart rule ep 011/15] raw_profit=2203235.4 buf=4015
[warmstart rule ep 012/15] raw_profit=2316572.0 buf=4380
[warmstart rule ep 013/15] raw_profit=1941794.2 buf=4745
[warmstart rule ep 014/15] raw_profit=2242409.7 buf=5110
[warmstart rule ep 015/15] raw_profit=2233494.9 buf=5475
[warmstart] behavioral cloning 1500 updates ...
[warmstart BC 0001/1500] loss=3.2123
[warmstart BC 0300/1500] loss=0.0027
[warmstart BC 0600/1500] loss=0.0008
[warmstart BC 0900/1500] loss=0.0003
[warmstart BC 1200/1500] loss=0.0001
[warmstart BC 1500/1500] loss=0.0001
[warmstart] pre-RL greedy eval profit=2122781.8 ± 133907.6
[train ep 005/40] algo=dqn steps=365 return=201.893 raw_profit=2018925.3 loss=3.30879 eps=0.165 buf=7300 updates=2325
[eval  ep 005] greedy_profit=2118429.9 ± 104135.5 (n=2, days=365)
[train ep 010/40] algo=dqn steps=365 return=201.300 raw_profit=2013001.9 loss=2.20266 eps=0.131 buf=9125 updates=4150
[eval  ep 010] greedy_profit=2140548.1 ± 131709.9 (n=2, days=365)
[train ep 015/40] algo=dqn steps=365 return=234.065 raw_profit=2340649.2 loss=2.24458 eps=0.096 buf=10950 updates=5975
[eval  ep 015] greedy_profit=2126681.6 ± 139895.2 (n=2, days=365)
[train ep 020/40] algo=dqn steps=365 return=250.154 raw_profit=2501537.4 loss=2.24300 eps=0.061 buf=12775 updates=7800
[eval  ep 020] greedy_profit=2123798.3 ± 137344.0 (n=2, days=365)
[train ep 025/40] algo=dqn steps=365 return=227.813 raw_profit=2278134.5 loss=2.32192 eps=0.027 buf=14600 updates=9625
[eval  ep 025] greedy_profit=2117753.6 ± 139313.6 (n=2, days=365)
[train ep 030/40] algo=dqn steps=365 return=235.997 raw_profit=2359971.0 loss=2.92820 eps=0.010 buf=16425 updates=11450
[eval  ep 030] greedy_profit=2111313.4 ± 124127.1 (n=2, days=365)
[train ep 035/40] algo=dqn steps=365 return=211.692 raw_profit=2116923.0 loss=3.23505 eps=0.010 buf=18250 updates=13275
[eval  ep 035] greedy_profit=2125941.6 ± 116992.8 (n=2, days=365)
[train ep 040/40] algo=dqn steps=365 return=206.230 raw_profit=2062304.7 loss=3.19896 eps=0.010 buf=20075 updates=15100
[eval  ep 040] greedy_profit=2112438.5 ± 145688.3 (n=2, days=365)
saved best checkpoint → /Users/oliverhuang/Desktop/2026_furp_零售/logs/checkpoints/suite_ab/B_both_harsh_strong_dqn_ws_best.pt (profit=2140548.1)
[dqn/ws] best_eval=2140548.1499999985 (22s)
  EVAL dqn/ws: 2128179.4 ± 58497.3 (Δrule=-15728, Δbest=-27060)

=== TRAIN both_harsh_strong | ddqn/no_ws ===
[train] state_encoder=raw dim=94 action_space=coarse n_actions=18 algo=ddqn forbid_expedite=True
[train ep 005/40] algo=ddqn steps=365 return=193.592 raw_profit=1935918.6 loss=0.10974 eps=0.849 buf=1825 updates=1026
[eval  ep 005] greedy_profit=2094568.3 ± 153600.3 (n=2, days=365)
[train ep 010/40] algo=ddqn steps=365 return=201.944 raw_profit=2019439.6 loss=0.16998 eps=0.699 buf=3650 updates=2851
[eval  ep 010] greedy_profit=2103256.7 ± 110467.5 (n=2, days=365)
[train ep 015/40] algo=ddqn steps=365 return=228.535 raw_profit=2285346.8 loss=0.34335 eps=0.548 buf=5475 updates=4676
[eval  ep 015] greedy_profit=2092821.8 ± 106641.9 (n=2, days=365)
[train ep 020/40] algo=ddqn steps=365 return=249.406 raw_profit=2494058.5 loss=0.47536 eps=0.398 buf=7300 updates=6501
[eval  ep 020] greedy_profit=2137529.8 ± 115255.2 (n=2, days=365)
[train ep 025/40] algo=ddqn steps=365 return=228.903 raw_profit=2289027.5 loss=0.69375 eps=0.247 buf=9125 updates=8326
[eval  ep 025] greedy_profit=2100781.5 ± 167767.6 (n=2, days=365)
[train ep 030/40] algo=ddqn steps=365 return=230.685 raw_profit=2306847.7 loss=0.79558 eps=0.097 buf=10950 updates=10151
[eval  ep 030] greedy_profit=2039742.9 ± 145298.5 (n=2, days=365)
[train ep 035/40] algo=ddqn steps=365 return=215.208 raw_profit=2152083.3 loss=0.92658 eps=0.010 buf=12775 updates=11976
[eval  ep 035] greedy_profit=2109759.3 ± 104198.0 (n=2, days=365)
[train ep 040/40] algo=ddqn steps=365 return=200.200 raw_profit=2002004.2 loss=1.16353 eps=0.010 buf=14600 updates=13801
[eval  ep 040] greedy_profit=2094359.2 ± 178638.3 (n=2, days=365)
saved best checkpoint → /Users/oliverhuang/Desktop/2026_furp_零售/logs/checkpoints/suite_ab/B_both_harsh_strong_ddqn_no_ws_best.pt (profit=2137529.8)
[ddqn/no_ws] best_eval=2137529.7625 (17s)
  EVAL ddqn/no_ws: 2096225.7 ± 63166.6 (Δrule=-47681, Δbest=-59014)

=== TRAIN both_harsh_strong | ddqn/ws ===
[train] state_encoder=raw dim=94 action_space=coarse n_actions=18 algo=ddqn forbid_expedite=True
[warmstart] collecting 15 rule episodes (forbid_expedite=True) ...
[warmstart rule ep 001/15] raw_profit=2113685.3 buf=365
[warmstart rule ep 002/15] raw_profit=1985927.9 buf=730
[warmstart rule ep 003/15] raw_profit=2198766.7 buf=1095
[warmstart rule ep 004/15] raw_profit=2269048.3 buf=1460
[warmstart rule ep 005/15] raw_profit=2125223.2 buf=1825
[warmstart rule ep 006/15] raw_profit=2246858.4 buf=2190
[warmstart rule ep 007/15] raw_profit=2000632.2 buf=2555
[warmstart rule ep 008/15] raw_profit=2249510.2 buf=2920
[warmstart rule ep 009/15] raw_profit=2088547.6 buf=3285
[warmstart rule ep 010/15] raw_profit=2124873.6 buf=3650
[warmstart rule ep 011/15] raw_profit=2203235.4 buf=4015
[warmstart rule ep 012/15] raw_profit=2316572.0 buf=4380
[warmstart rule ep 013/15] raw_profit=1941794.2 buf=4745
[warmstart rule ep 014/15] raw_profit=2242409.7 buf=5110
[warmstart rule ep 015/15] raw_profit=2233494.9 buf=5475
[warmstart] behavioral cloning 1500 updates ...
[warmstart BC 0001/1500] loss=3.2123
[warmstart BC 0300/1500] loss=0.0027
[warmstart BC 0600/1500] loss=0.0008
[warmstart BC 0900/1500] loss=0.0003
[warmstart BC 1200/1500] loss=0.0001
[warmstart BC 1500/1500] loss=0.0001
[warmstart] pre-RL greedy eval profit=2122781.8 ± 133907.6
[train ep 005/40] algo=ddqn steps=365 return=199.822 raw_profit=1998222.5 loss=3.86564 eps=0.165 buf=7300 updates=2325
[eval  ep 005] greedy_profit=2094631.2 ± 149465.2 (n=2, days=365)
[train ep 010/40] algo=ddqn steps=365 return=202.542 raw_profit=2025422.3 loss=1.21567 eps=0.131 buf=9125 updates=4150
[eval  ep 010] greedy_profit=2102147.9 ± 130147.1 (n=2, days=365)
[train ep 015/40] algo=ddqn steps=365 return=232.947 raw_profit=2329470.5 loss=1.38864 eps=0.096 buf=10950 updates=5975
[eval  ep 015] greedy_profit=2126489.3 ± 139994.8 (n=2, days=365)
[train ep 020/40] algo=ddqn steps=365 return=251.804 raw_profit=2518041.8 loss=1.53294 eps=0.061 buf=12775 updates=7800
[eval  ep 020] greedy_profit=2097415.4 ± 121577.3 (n=2, days=365)
[train ep 025/40] algo=ddqn steps=365 return=224.224 raw_profit=2242237.7 loss=1.69524 eps=0.027 buf=14600 updates=9625
[eval  ep 025] greedy_profit=2138593.3 ± 119232.6 (n=2, days=365)
[train ep 030/40] algo=ddqn steps=365 return=236.500 raw_profit=2364996.6 loss=2.10649 eps=0.010 buf=16425 updates=11450
[eval  ep 030] greedy_profit=2084117.3 ± 117382.4 (n=2, days=365)
[train ep 035/40] algo=ddqn steps=365 return=208.785 raw_profit=2087845.1 loss=2.33023 eps=0.010 buf=18250 updates=13275
[eval  ep 035] greedy_profit=2110469.0 ± 140897.1 (n=2, days=365)
[train ep 040/40] algo=ddqn steps=365 return=205.929 raw_profit=2059294.4 loss=2.27099 eps=0.010 buf=20075 updates=15100
[eval  ep 040] greedy_profit=2115389.5 ± 104748.8 (n=2, days=365)
saved best checkpoint → /Users/oliverhuang/Desktop/2026_furp_零售/logs/checkpoints/suite_ab/B_both_harsh_strong_ddqn_ws_best.pt (profit=2138593.3)
[ddqn/ws] best_eval=2138593.3124999995 (22s)
  EVAL ddqn/ws: 2126985.3 ± 59152.2 (Δrule=-16922, Δbest=-28254)

=== TRAIN both_harsh_strong | dueling/no_ws ===
[train] state_encoder=raw dim=94 action_space=coarse n_actions=18 algo=dueling forbid_expedite=True
[train ep 005/40] algo=dueling steps=365 return=195.331 raw_profit=1953313.8 loss=0.07632 eps=0.849 buf=1825 updates=1026
[eval  ep 005] greedy_profit=2111490.0 ± 110072.1 (n=2, days=365)
[train ep 010/40] algo=dueling steps=365 return=204.391 raw_profit=2043913.7 loss=0.12781 eps=0.699 buf=3650 updates=2851
[eval  ep 010] greedy_profit=2101000.4 ± 93216.1 (n=2, days=365)
[train ep 015/40] algo=dueling steps=365 return=232.261 raw_profit=2322608.6 loss=0.28527 eps=0.548 buf=5475 updates=4676
[eval  ep 015] greedy_profit=2119331.7 ± 133101.2 (n=2, days=365)
[train ep 020/40] algo=dueling steps=365 return=249.460 raw_profit=2494600.0 loss=0.45869 eps=0.398 buf=7300 updates=6501
[eval  ep 020] greedy_profit=2128519.8 ± 110877.1 (n=2, days=365)
[train ep 025/40] algo=dueling steps=365 return=227.182 raw_profit=2271824.1 loss=0.66522 eps=0.247 buf=9125 updates=8326
[eval  ep 025] greedy_profit=2100824.9 ± 119531.5 (n=2, days=365)
[train ep 030/40] algo=dueling steps=365 return=235.437 raw_profit=2354370.8 loss=0.77604 eps=0.097 buf=10950 updates=10151
[eval  ep 030] greedy_profit=2112287.8 ± 148904.2 (n=2, days=365)
[train ep 035/40] algo=dueling steps=365 return=212.948 raw_profit=2129484.7 loss=0.87192 eps=0.010 buf=12775 updates=11976
[eval  ep 035] greedy_profit=2077732.1 ± 127026.1 (n=2, days=365)
[train ep 040/40] algo=dueling steps=365 return=200.781 raw_profit=2007808.9 loss=1.12969 eps=0.010 buf=14600 updates=13801
[eval  ep 040] greedy_profit=2077434.3 ± 151913.8 (n=2, days=365)
saved best checkpoint → /Users/oliverhuang/Desktop/2026_furp_零售/logs/checkpoints/suite_ab/B_both_harsh_strong_dueling_no_ws_best.pt (profit=2128519.8)
[dueling/no_ws] best_eval=2128519.787499999 (19s)
  EVAL dueling/no_ws: 2109488.8 ± 56760.1 (Δrule=-34418, Δbest=-45751)

=== TRAIN both_harsh_strong | dueling/ws ===
[train] state_encoder=raw dim=94 action_space=coarse n_actions=18 algo=dueling forbid_expedite=True
[warmstart] collecting 15 rule episodes (forbid_expedite=True) ...
[warmstart rule ep 001/15] raw_profit=2113685.3 buf=365
[warmstart rule ep 002/15] raw_profit=1985927.9 buf=730
[warmstart rule ep 003/15] raw_profit=2198766.7 buf=1095
[warmstart rule ep 004/15] raw_profit=2269048.3 buf=1460
[warmstart rule ep 005/15] raw_profit=2125223.2 buf=1825
[warmstart rule ep 006/15] raw_profit=2246858.4 buf=2190
[warmstart rule ep 007/15] raw_profit=2000632.2 buf=2555
[warmstart rule ep 008/15] raw_profit=2249510.2 buf=2920
[warmstart rule ep 009/15] raw_profit=2088547.6 buf=3285
[warmstart rule ep 010/15] raw_profit=2124873.6 buf=3650
[warmstart rule ep 011/15] raw_profit=2203235.4 buf=4015
[warmstart rule ep 012/15] raw_profit=2316572.0 buf=4380
[warmstart rule ep 013/15] raw_profit=1941794.2 buf=4745
[warmstart rule ep 014/15] raw_profit=2242409.7 buf=5110
[warmstart rule ep 015/15] raw_profit=2233494.9 buf=5475
[warmstart] behavioral cloning 1500 updates ...
[warmstart BC 0001/1500] loss=2.4233
[warmstart BC 0300/1500] loss=0.0030
[warmstart BC 0600/1500] loss=0.0006
[warmstart BC 0900/1500] loss=0.0004
[warmstart BC 1200/1500] loss=0.0001
[warmstart BC 1500/1500] loss=0.0000
[warmstart] pre-RL greedy eval profit=2010779.2 ± 152391.0
[train ep 005/40] algo=dueling steps=365 return=191.615 raw_profit=1916146.9 loss=14008.64482 eps=0.165 buf=7300 updates=2325
[eval  ep 005] greedy_profit=2051529.6 ± 133658.0 (n=2, days=365)
[train ep 010/40] algo=dueling steps=365 return=199.375 raw_profit=1993754.9 loss=6721.90412 eps=0.131 buf=9125 updates=4150
[eval  ep 010] greedy_profit=2044435.3 ± 133709.6 (n=2, days=365)
[train ep 015/40] algo=dueling steps=365 return=223.169 raw_profit=2231687.3 loss=3158.24726 eps=0.096 buf=10950 updates=5975
[eval  ep 015] greedy_profit=2054754.0 ± 138825.4 (n=2, days=365)
[train ep 020/40] algo=dueling steps=365 return=247.727 raw_profit=2477272.7 loss=1770.72433 eps=0.061 buf=12775 updates=7800
[eval  ep 020] greedy_profit=2041879.1 ± 152702.0 (n=2, days=365)
[train ep 025/40] algo=dueling steps=365 return=227.534 raw_profit=2275335.8 loss=1303.92038 eps=0.027 buf=14600 updates=9625
[eval  ep 025] greedy_profit=2082486.0 ± 132008.8 (n=2, days=365)
[train ep 030/40] algo=dueling steps=365 return=238.860 raw_profit=2388595.4 loss=1295.76455 eps=0.010 buf=16425 updates=11450
[eval  ep 030] greedy_profit=2078608.9 ± 139189.2 (n=2, days=365)
[train ep 035/40] algo=dueling steps=365 return=207.491 raw_profit=2074908.8 loss=1142.93970 eps=0.010 buf=18250 updates=13275
[eval  ep 035] greedy_profit=2085906.8 ± 147178.7 (n=2, days=365)
[train ep 040/40] algo=dueling steps=365 return=202.539 raw_profit=2025387.8 loss=915.79158 eps=0.010 buf=20075 updates=15100
[eval  ep 040] greedy_profit=2064993.2 ± 142326.9 (n=2, days=365)
saved best checkpoint → /Users/oliverhuang/Desktop/2026_furp_零售/logs/checkpoints/suite_ab/B_both_harsh_strong_dueling_ws_best.pt (profit=2085906.8)
[dueling/ws] best_eval=2085906.7500000002 (25s)
  EVAL dueling/ws: 2068725.0 ± 64592.1 (Δrule=-75182, Δbest=-86515)

=== TRAIN both_harsh_strong | d3qn/no_ws ===
[train] state_encoder=raw dim=94 action_space=coarse n_actions=18 algo=d3qn forbid_expedite=True
[train ep 005/40] algo=d3qn steps=365 return=193.712 raw_profit=1937115.9 loss=0.10064 eps=0.849 buf=1825 updates=1026
[eval  ep 005] greedy_profit=2063744.0 ± 90649.6 (n=2, days=365)
[train ep 010/40] algo=d3qn steps=365 return=200.135 raw_profit=2001347.1 loss=0.11179 eps=0.699 buf=3650 updates=2851
[eval  ep 010] greedy_profit=2074703.7 ± 119340.6 (n=2, days=365)
[train ep 015/40] algo=d3qn steps=365 return=234.285 raw_profit=2342848.2 loss=0.24644 eps=0.548 buf=5475 updates=4676
[eval  ep 015] greedy_profit=2094407.5 ± 131149.9 (n=2, days=365)
[train ep 020/40] algo=d3qn steps=365 return=246.884 raw_profit=2468837.7 loss=0.35393 eps=0.398 buf=7300 updates=6501
[eval  ep 020] greedy_profit=2104414.3 ± 119622.0 (n=2, days=365)
[train ep 025/40] algo=d3qn steps=365 return=228.101 raw_profit=2281012.5 loss=0.57064 eps=0.247 buf=9125 updates=8326
[eval  ep 025] greedy_profit=2121693.4 ± 124197.5 (n=2, days=365)
[train ep 030/40] algo=d3qn steps=365 return=233.865 raw_profit=2338652.0 loss=0.67491 eps=0.097 buf=10950 updates=10151
[eval  ep 030] greedy_profit=2088532.0 ± 129668.9 (n=2, days=365)
[train ep 035/40] algo=d3qn steps=365 return=211.530 raw_profit=2115303.1 loss=0.73411 eps=0.010 buf=12775 updates=11976
[eval  ep 035] greedy_profit=2096389.6 ± 170783.3 (n=2, days=365)
[train ep 040/40] algo=d3qn steps=365 return=207.304 raw_profit=2073042.3 loss=0.94844 eps=0.010 buf=14600 updates=13801
[eval  ep 040] greedy_profit=2080437.7 ± 115531.7 (n=2, days=365)
saved best checkpoint → /Users/oliverhuang/Desktop/2026_furp_零售/logs/checkpoints/suite_ab/B_both_harsh_strong_d3qn_no_ws_best.pt (profit=2121693.4)
[d3qn/no_ws] best_eval=2121693.4125000006 (20s)
  EVAL d3qn/no_ws: 2106899.7 ± 61874.2 (Δrule=-37007, Δbest=-48340)

=== TRAIN both_harsh_strong | d3qn/ws ===
[train] state_encoder=raw dim=94 action_space=coarse n_actions=18 algo=d3qn forbid_expedite=True
[warmstart] collecting 15 rule episodes (forbid_expedite=True) ...
[warmstart rule ep 001/15] raw_profit=2113685.3 buf=365
[warmstart rule ep 002/15] raw_profit=1985927.9 buf=730
[warmstart rule ep 003/15] raw_profit=2198766.7 buf=1095
[warmstart rule ep 004/15] raw_profit=2269048.3 buf=1460
[warmstart rule ep 005/15] raw_profit=2125223.2 buf=1825
[warmstart rule ep 006/15] raw_profit=2246858.4 buf=2190
[warmstart rule ep 007/15] raw_profit=2000632.2 buf=2555
[warmstart rule ep 008/15] raw_profit=2249510.2 buf=2920
[warmstart rule ep 009/15] raw_profit=2088547.6 buf=3285
[warmstart rule ep 010/15] raw_profit=2124873.6 buf=3650
[warmstart rule ep 011/15] raw_profit=2203235.4 buf=4015
[warmstart rule ep 012/15] raw_profit=2316572.0 buf=4380
[warmstart rule ep 013/15] raw_profit=1941794.2 buf=4745
[warmstart rule ep 014/15] raw_profit=2242409.7 buf=5110
[warmstart rule ep 015/15] raw_profit=2233494.9 buf=5475
[warmstart] behavioral cloning 1500 updates ...
[warmstart BC 0001/1500] loss=2.4233
[warmstart BC 0300/1500] loss=0.0030
[warmstart BC 0600/1500] loss=0.0006
[warmstart BC 0900/1500] loss=0.0004
[warmstart BC 1200/1500] loss=0.0001
[warmstart BC 1500/1500] loss=0.0000
[warmstart] pre-RL greedy eval profit=2015058.0 ± 158442.1
[train ep 005/40] algo=d3qn steps=365 return=192.007 raw_profit=1920073.8 loss=13800.78076 eps=0.165 buf=7300 updates=2325
[eval  ep 005] greedy_profit=2060074.1 ± 171639.9 (n=2, days=365)
[train ep 010/40] algo=d3qn steps=365 return=195.528 raw_profit=1955282.0 loss=6557.07132 eps=0.131 buf=9125 updates=4150
[eval  ep 010] greedy_profit=2015753.0 ± 152512.7 (n=2, days=365)
[train ep 015/40] algo=d3qn steps=365 return=223.891 raw_profit=2238907.0 loss=3091.42061 eps=0.096 buf=10950 updates=5975
[eval  ep 015] greedy_profit=2046734.6 ± 130810.7 (n=2, days=365)
[train ep 020/40] algo=d3qn steps=365 return=248.397 raw_profit=2483969.1 loss=1802.00332 eps=0.061 buf=12775 updates=7800
[eval  ep 020] greedy_profit=2064128.8 ± 129906.9 (n=2, days=365)
[train ep 025/40] algo=d3qn steps=365 return=224.942 raw_profit=2249423.2 loss=1360.50354 eps=0.027 buf=14600 updates=9625
[eval  ep 025] greedy_profit=2080875.6 ± 138404.6 (n=2, days=365)
[train ep 030/40] algo=d3qn steps=365 return=231.002 raw_profit=2310017.8 loss=1402.68417 eps=0.010 buf=16425 updates=11450
[eval  ep 030] greedy_profit=2079019.4 ± 147926.1 (n=2, days=365)
[train ep 035/40] algo=d3qn steps=365 return=206.067 raw_profit=2060673.4 loss=1235.28357 eps=0.010 buf=18250 updates=13275
[eval  ep 035] greedy_profit=2076223.4 ± 141194.6 (n=2, days=365)
[train ep 040/40] algo=d3qn steps=365 return=202.434 raw_profit=2024343.1 loss=1004.35724 eps=0.010 buf=20075 updates=15100
[eval  ep 040] greedy_profit=2091864.5 ± 122485.6 (n=2, days=365)
saved best checkpoint → /Users/oliverhuang/Desktop/2026_furp_零售/logs/checkpoints/suite_ab/B_both_harsh_strong_d3qn_ws_best.pt (profit=2091864.5)
[d3qn/ws] best_eval=2091864.5499999996 (25s)
  EVAL d3qn/ws: 2112461.8 ± 59315.9 (Δrule=-31445, Δbest=-42778)

=== TRAIN both_harsh_strong | ppo/no_ws ===
[train PPO] encoder=raw dim=94 n_actions=18 forbid_e1=True
[train PPO ep 001/40] raw_profit=2103969.2 loss=42.0180
[train PPO ep 005/40] raw_profit=1952535.3 loss=33.2507
[eval  PPO ep 005] greedy_profit=2062103.6 ± 163572.0
[train PPO ep 010/40] raw_profit=2018367.5 loss=27.0421
[eval  PPO ep 010] greedy_profit=2132972.3 ± 116157.4
[train PPO ep 015/40] raw_profit=2321125.7 loss=41.1267
[eval  PPO ep 015] greedy_profit=2033809.0 ± 141053.8
[train PPO ep 020/40] raw_profit=2477078.5 loss=25.5872
[eval  PPO ep 020] greedy_profit=2062103.6 ± 163572.0
[train PPO ep 025/40] raw_profit=2238979.5 loss=28.2891
[eval  PPO ep 025] greedy_profit=2062103.6 ± 163572.0
[train PPO ep 030/40] raw_profit=2386786.0 loss=29.2886
[eval  PPO ep 030] greedy_profit=2062103.6 ± 163572.0
[train PPO ep 035/40] raw_profit=2130785.3 loss=31.6720
[eval  PPO ep 035] greedy_profit=2062103.6 ± 163572.0
[train PPO ep 040/40] raw_profit=2022907.7 loss=22.0124
[eval  PPO ep 040] greedy_profit=2062103.6 ± 163572.0
saved best checkpoint → /Users/oliverhuang/Desktop/2026_furp_零售/logs/checkpoints/suite_ab/B_both_harsh_strong_ppo_no_ws_best.pt (profit=2132972.3)
[ppo/no_ws] best_eval=2132972.2624999993 (11s)
  EVAL ppo/no_ws: 2109908.9 ± 61831.7 (Δrule=-33998, Δbest=-45331)

=== TRAIN both_harsh_strong | ppo/ws ===
[train PPO] encoder=raw dim=94 n_actions=18 forbid_e1=True
[warmstart] collecting 15 rule episodes ...
[warmstart PPO-BC 0001/1500] loss=2.1987
[warmstart PPO-BC 0300/1500] loss=0.0021
[warmstart PPO-BC 0600/1500] loss=0.0007
[warmstart PPO-BC 0900/1500] loss=0.0002
[warmstart PPO-BC 1200/1500] loss=0.0000
[warmstart PPO-BC 1500/1500] loss=0.0001
[warmstart] pre-RL greedy eval=2122781.8
[train PPO ep 001/40] raw_profit=2125227.7 loss=28.1098
[train PPO ep 005/40] raw_profit=2011682.6 loss=31.0580
[eval  PPO ep 005] greedy_profit=2120833.0 ± 131151.5
[train PPO ep 010/40] raw_profit=2079119.9 loss=41.8923
[eval  PPO ep 010] greedy_profit=2116710.5 ± 138672.6
[train PPO ep 015/40] raw_profit=2373656.2 loss=38.1460
[eval  PPO ep 015] greedy_profit=2122884.0 ± 134052.1
[train PPO ep 020/40] raw_profit=2526249.8 loss=26.6696
[eval  PPO ep 020] greedy_profit=2120450.8 ± 130797.3
[train PPO ep 025/40] raw_profit=2303413.9 loss=30.1154
[eval  PPO ep 025] greedy_profit=2117679.3 ± 147729.7
[train PPO ep 030/40] raw_profit=2401009.6 loss=29.1087
[eval  PPO ep 030] greedy_profit=2118082.4 ± 129113.6
[train PPO ep 035/40] raw_profit=2149629.3 loss=31.5398
[eval  PPO ep 035] greedy_profit=2126381.1 ± 130195.4
[train PPO ep 040/40] raw_profit=2070515.3 loss=25.7717
[eval  PPO ep 040] greedy_profit=2115088.7 ± 152641.3
saved best checkpoint → /Users/oliverhuang/Desktop/2026_furp_零售/logs/checkpoints/suite_ab/B_both_harsh_strong_ppo_ws_best.pt (profit=2126381.1)
[ppo/ws] best_eval=2126381.15 (17s)
  EVAL ppo/ws: 2141897.1 ± 59682.3 (Δrule=-2010, Δbest=-13343)

CSV → /Users/oliverhuang/Desktop/2026_furp_零售/logs/suite_ab_results_20260729_133915.csv
MD  → /Users/oliverhuang/Desktop/2026_furp_零售/logs/suite_ab_summary_20260729_133915.md
| B | both_harsh_mild | ppo | Y | 2485317.7 | 25140.0 | -837.7 | +18361.5 |
| B | both_harsh_strong | fixed_0_(s,S) | - | 1987242.8 | 67121.2 | -156664.1 | -167996.8 |
| B | both_harsh_strong | best_fixed_12 | - | 2155239.6 | 57518.1 | +11332.7 | +0.0 |
| B | both_harsh_strong | rule_based | - | 2143907.0 | 59791.7 | +0.0 | -11332.7 |
| B | both_harsh_strong | dqn | N | 2104769.6 | 61695.9 | -39137.4 | -50470.0 |
| B | both_harsh_strong | dqn | Y | 2128179.4 | 58497.3 | -15727.6 | -27060.3 |
| B | both_harsh_strong | ddqn | N | 2096225.7 | 63166.6 | -47681.2 | -59013.9 |
| B | both_harsh_strong | ddqn | Y | 2126985.3 | 59152.2 | -16921.7 | -28254.4 |
| B | both_harsh_strong | dueling | N | 2109488.8 | 56760.1 | -34418.2 | -45750.9 |
| B | both_harsh_strong | dueling | Y | 2068725.0 | 64592.1 | -75181.9 | -86514.6 |
| B | both_harsh_strong | d3qn | N | 2106899.7 | 61874.2 | -37007.3 | -48339.9 |
| B | both_harsh_strong | d3qn | Y | 2112461.8 | 59315.9 | -31445.1 | -42777.8 |
| B | both_harsh_strong | ppo | N | 2109908.9 | 61831.7 | -33998.0 | -45330.7 |
| B | both_harsh_strong | ppo | Y | 2141897.1 | 59682.3 | -2009.8 | -13342.5 |

## Best RL per scenario

- **none**: dqn ws=Y → 2581018.7 (Δrule=+0.0)
- **supply_only_pdf**: dqn ws=Y → 2575155.4 (Δrule=+0.0)
- **supply_only_harsh_mild**: dqn ws=Y → 2544653.6 (Δrule=+0.0)
- **supply_only_harsh_strong**: d3qn ws=Y → 2293105.6 (Δrule=+3917.0)
- **transport_only_pdf**: ppo ws=Y → 2576021.1 (Δrule=+756.9)
- **transport_only_harsh_mild**: ddqn ws=Y → 2548392.0 (Δrule=+0.0)
- **transport_only_harsh_strong**: ppo ws=Y → 2462215.6 (Δrule=+3372.2)
- **fixed_U3**: dqn ws=N → -361014.5 (Δrule=+0.0)
- **fixed_A2**: d3qn ws=Y → 863241.0 (Δrule=+13440.5)
- **fixed_A3**: dqn ws=N → -480346.7 (Δrule=+0.0)
- **both_pdf**: dqn ws=Y → 2574834.0 (Δrule=-28.7)
- **both_harsh_mild**: dqn ws=Y → 2486155.4 (Δrule=+0.0)
- **both_harsh_strong**: ppo ws=Y → 2141897.1 (Δrule=-2009.8)
